<?xml version="1.0" encoding="UTF-8"?>
<kml xmlns="http://www.opengis.net/kml/2.2">
  <Document>
    <name>Brisbane Game</name>
    <description>Map for the Brisbane Game</description>
    <Style id="line-9C27B0-1200-normal">
      <LineStyle>
        <color>ffb0279c</color>
        <width>1.2</width>
      </LineStyle>
    </Style>
    <Style id="line-9C27B0-1200-highlight">
      <LineStyle>
        <color>ffb0279c</color>
        <width>1.8</width>
      </LineStyle>
    </Style>
    <StyleMap id="line-9C27B0-1200">
      <Pair>
        <key>normal</key>
        <styleUrl>#line-9C27B0-1200-normal</styleUrl>
      </Pair>
      <Pair>
        <key>highlight</key>
        <styleUrl>#line-9C27B0-1200-highlight</styleUrl>
      </Pair>
    </StyleMap>
    <Style id="line-BDBDBD-1200-normal">
      <LineStyle>
        <color>ffbdbdbd</color>
        <width>1.2</width>
      </LineStyle>
    </Style>
    <Style id="line-BDBDBD-1200-highlight">
      <LineStyle>
        <color>ffbdbdbd</color>
        <width>1.8</width>
      </LineStyle>
    </Style>
    <StyleMap id="line-BDBDBD-1200">
      <Pair>
        <key>normal</key>
        <styleUrl>#line-BDBDBD-1200-normal</styleUrl>
      </Pair>
      <Pair>
        <key>highlight</key>
        <styleUrl>#line-BDBDBD-1200-highlight</styleUrl>
      </Pair>
    </StyleMap>
    <Style id="poly-424242-1200-77-normal">
      <LineStyle>
        <color>ff424242</color>
        <width>1.2</width>
      </LineStyle>
      <PolyStyle>
        <color>4d424242</color>
        <fill>1</fill>
        <outline>1</outline>
      </PolyStyle>
    </Style>
    <Style id="poly-424242-1200-77-highlight">
      <LineStyle>
        <color>ff424242</color>
        <width>1.8</width>
      </LineStyle>
      <PolyStyle>
        <color>4d424242</color>
        <fill>1</fill>
        <outline>1</outline>
      </PolyStyle>
    </Style>
    <StyleMap id="poly-424242-1200-77">
      <Pair>
        <key>normal</key>
        <styleUrl>#poly-424242-1200-77-normal</styleUrl>
      </Pair>
      <Pair>
        <key>highlight</key>
        <styleUrl>#poly-424242-1200-77-highlight</styleUrl>
      </Pair>
    </StyleMap>
    <Style id="poly-9C27B0-1200-71-normal">
      <LineStyle>
        <color>ffb0279c</color>
        <width>1.2</width>
      </LineStyle>
      <PolyStyle>
        <color>47b0279c</color>
        <fill>1</fill>
        <outline>1</outline>
      </PolyStyle>
    </Style>
    <Style id="poly-9C27B0-1200-71-highlight">
      <LineStyle>
        <color>ffb0279c</color>
        <width>1.8</width>
      </LineStyle>
      <PolyStyle>
        <color>47b0279c</color>
        <fill>1</fill>
        <outline>1</outline>
      </PolyStyle>
    </Style>
    <StyleMap id="poly-9C27B0-1200-71">
      <Pair>
        <key>normal</key>
        <styleUrl>#poly-9C27B0-1200-71-normal</styleUrl>
      </Pair>
      <Pair>
        <key>highlight</key>
        <styleUrl>#poly-9C27B0-1200-71-highlight</styleUrl>
      </Pair>
    </StyleMap>
    <Style id="poly-9C27B0-1200-77-normal">
      <LineStyle>
        <color>ffb0279c</color>
        <width>1.2</width>
      </LineStyle>
      <PolyStyle>
        <color>4db0279c</color>
        <fill>1</fill>
        <outline>1</outline>
      </PolyStyle>
    </Style>
    <Style id="poly-9C27B0-1200-77-highlight">
      <LineStyle>
        <color>ffb0279c</color>
        <width>1.8</width>
      </LineStyle>
      <PolyStyle>
        <color>4db0279c</color>
        <fill>1</fill>
        <outline>1</outline>
      </PolyStyle>
    </Style>
    <StyleMap id="poly-9C27B0-1200-77">
      <Pair>
        <key>normal</key>
        <styleUrl>#poly-9C27B0-1200-77-normal</styleUrl>
      </Pair>
      <Pair>
        <key>highlight</key>
        <styleUrl>#poly-9C27B0-1200-77-highlight</styleUrl>
      </Pair>
    </StyleMap>
    <Style id="poly-F57C00-1200-77-normal">
      <LineStyle>
        <color>ff007cf5</color>
        <width>1.2</width>
      </LineStyle>
      <PolyStyle>
        <color>4d007cf5</color>
        <fill>1</fill>
        <outline>1</outline>
      </PolyStyle>
    </Style>
    <Style id="poly-F57C00-1200-77-highlight">
      <LineStyle>
        <color>ff007cf5</color>
        <width>1.8</width>
      </LineStyle>
      <PolyStyle>
        <color>4d007cf5</color>
        <fill>1</fill>
        <outline>1</outline>
      </PolyStyle>
    </Style>
    <StyleMap id="poly-F57C00-1200-77">
      <Pair>
        <key>normal</key>
        <styleUrl>#poly-F57C00-1200-77-normal</styleUrl>
      </Pair>
      <Pair>
        <key>highlight</key>
        <styleUrl>#poly-F57C00-1200-77-highlight</styleUrl>
      </Pair>
    </StyleMap>
    <Folder>
      <name>brisbane_game.kml</name>
      <Placemark>
        <name>Kangaroo Point</name>
        <description><![CDATA[description: <br>qld_loca_2: KANGAROO POINT<br>lc_ply_pid: <br>dt_create: <br>dt_retire: <br>loc_pid: <br>qld_locali: <br>qld_loca_1: <br>qld_loca_3: <br>qld_loca_4: <br>qld_loca_5: <br>qld_loca_6: <br>qld_loca_7: ]]></description>
        <styleUrl>#poly-F57C00-1200-77</styleUrl>
        <ExtendedData>
          <Data name="description">
            <value/>
          </Data>
          <Data name="qld_loca_2">
            <value>KANGAROO POINT</value>
          </Data>
          <Data name="lc_ply_pid">
            <value/>
          </Data>
          <Data name="dt_create">
            <value/>
          </Data>
          <Data name="dt_retire">
            <value/>
          </Data>
          <Data name="loc_pid">
            <value/>
          </Data>
          <Data name="qld_locali">
            <value/>
          </Data>
          <Data name="qld_loca_1">
            <value/>
          </Data>
          <Data name="qld_loca_3">
            <value/>
          </Data>
          <Data name="qld_loca_4">
            <value/>
          </Data>
          <Data name="qld_loca_5">
            <value/>
          </Data>
          <Data name="qld_loca_6">
            <value/>
          </Data>
          <Data name="qld_loca_7">
            <value/>
          </Data>
        </ExtendedData>
        <Polygon>
          <outerBoundaryIs>
            <LinearRing>
              <tessellate>1</tessellate>
              <coordinates>
                153.039268,-27.48505,0
                153.039667,-27.485112,0
                153.039684,-27.485023,0
                153.039748,-27.484695,0
                153.039778,-27.48454,0
                153.039809,-27.484382,0
                153.040209,-27.484444,0
                153.040244,-27.484265,0
                153.040073,-27.484239,0
                153.040104,-27.484082,0
                153.040274,-27.484108,0
                153.0403,-27.483971,0
                153.040339,-27.483772,0
                153.040354,-27.483692,0
                153.040351,-27.483664,0
                153.040333,-27.483641,0
                153.040304,-27.483629,0
                153.040399,-27.48346,0
                153.039997,-27.483398,0
                153.040018,-27.48329,0
                153.04042,-27.483352,0
                153.040444,-27.483227,0
                153.040394,-27.483164,0
                153.040471,-27.483084,0
                153.040081,-27.483024,0
                153.040097,-27.482936,0
                153.040098,-27.482928,0
                153.040101,-27.482909,0
                153.040128,-27.482761,0
                153.040101,-27.482757,0
                153.040118,-27.482669,0
                153.040136,-27.482582,0
                153.040154,-27.482495,0
                153.040171,-27.48241,0
                153.040188,-27.482326,0
                153.040206,-27.482241,0
                153.040225,-27.482149,0
                153.040269,-27.482156,0
                153.040287,-27.482064,0
                153.040305,-27.481972,0
                153.040492,-27.482001,0
                153.040679,-27.482029,0
                153.04071,-27.481873,0
                153.040677,-27.481831,0
                153.040752,-27.481658,0
                153.04077,-27.481565,0
                153.040788,-27.481471,0
                153.040806,-27.481378,0
                153.040824,-27.481285,0
                153.040856,-27.481116,0
                153.040894,-27.48092,0
                153.040948,-27.480639,0
                153.040913,-27.480634,0
                153.04092,-27.480598,0
                153.040955,-27.480604,0
                153.040996,-27.480394,0
                153.040511,-27.48032,0
                153.040528,-27.480233,0
                153.040536,-27.480191,0
                153.040545,-27.480145,0
                153.040562,-27.480058,0
                153.040579,-27.479967,0
                153.040589,-27.479919,0
                153.040596,-27.47988,0
                153.040586,-27.479878,0
                153.040595,-27.47983,0
                153.040621,-27.479694,0
                153.040639,-27.479604,0
                153.040646,-27.479567,0
                153.040656,-27.479515,0
                153.040673,-27.479426,0
                153.04069,-27.479337,0
                153.040707,-27.479248,0
                153.040708,-27.479244,0
                153.040725,-27.479158,0
                153.040742,-27.479069,0
                153.040744,-27.47906,0
                153.040778,-27.479065,0
                153.040939,-27.47909,0
                153.041238,-27.479136,0
                153.041247,-27.47909,0
                153.041247,-27.479057,0
                153.041236,-27.479026,0
                153.041213,-27.478999,0
                153.041194,-27.478524,0
                153.041251,-27.478554,0
                153.041313,-27.478544,0
                153.041358,-27.478483,0
                153.041398,-27.478282,0
                153.041394,-27.478279,0
                153.041489,-27.477796,0
                153.041489,-27.477763,0
                153.041477,-27.477731,0
                153.041457,-27.477708,0
                153.041498,-27.477491,0
                153.041148,-27.477199,0
                153.041334,-27.477024,0
                153.041453,-27.476912,0
                153.041469,-27.476897,0
                153.041707,-27.476672,0
                153.041735,-27.476524,0
                153.041748,-27.476458,0
                153.042058,-27.475478,0
                153.041207,-27.474804,0
                153.040306,-27.472924,0
                153.039564,-27.470686,0
                153.039201,-27.468748,0
                153.039131,-27.467719,0
                153.038969,-27.467142,0
                153.038467,-27.466036,0
                153.038037,-27.465217,0
                153.037266,-27.46421,0
                153.036513,-27.463697,0
                153.035903,-27.463569,0
                153.035598,-27.463588,0
                153.035115,-27.463617,0
                153.034058,-27.464034,0
                153.033305,-27.464659,0
                153.032803,-27.465509,0
                153.032664,-27.466685,0
                153.03236,-27.469506,0
                153.0327664,-27.4730806,0
                153.033087,-27.476503,0
                153.032755,-27.477935,0
                153.032091,-27.479448,0
                153.031064,-27.480529,0
                153.029886,-27.480853,0
                153.029499,-27.480809,0
                153.029025,-27.48076,0
                153.028647,-27.480719,0
                153.028447,-27.481823,0
                153.028435,-27.481904,0
                153.028418,-27.482007,0
                153.028371,-27.481998,0
                153.028358,-27.482066,0
                153.028342,-27.482151,0
                153.028391,-27.482159,0
                153.02871,-27.482258,0
                153.029113,-27.482313,0
                153.029893,-27.482362,0
                153.030383,-27.482404,0
                153.030381,-27.482584,0
                153.030366,-27.482664,0
                153.030347,-27.48277,0
                153.030567,-27.483117,0
                153.03063,-27.483223,0
                153.030688,-27.483321,0
                153.030707,-27.483337,0
                153.030732,-27.483437,0
                153.030687,-27.483679,0
                153.030598,-27.483757,0
                153.030881,-27.483799,0
                153.03269,-27.48408,0
                153.032968,-27.484109,0
                153.033766,-27.484227,0
                153.033868,-27.484242,0
                153.035722,-27.484533,0
                153.036044,-27.484554,0
                153.037651,-27.484802,0
                153.037886,-27.484817,0
                153.039268,-27.48505,0
              </coordinates>
            </LinearRing>
          </outerBoundaryIs>
        </Polygon>
      </Placemark>
      <Placemark>
        <name>South Brisbane</name>
        <description><![CDATA[description: <br>qld_loca_2: SOUTH BRISBANE<br>lc_ply_pid: <br>dt_create: <br>dt_retire: <br>loc_pid: <br>qld_locali: <br>qld_loca_1: <br>qld_loca_3: <br>qld_loca_4: <br>qld_loca_5: <br>qld_loca_6: <br>qld_loca_7: ]]></description>
        <styleUrl>#poly-F57C00-1200-77</styleUrl>
        <ExtendedData>
          <Data name="description">
            <value/>
          </Data>
          <Data name="qld_loca_2">
            <value>SOUTH BRISBANE</value>
          </Data>
          <Data name="lc_ply_pid">
            <value/>
          </Data>
          <Data name="dt_create">
            <value/>
          </Data>
          <Data name="dt_retire">
            <value/>
          </Data>
          <Data name="loc_pid">
            <value/>
          </Data>
          <Data name="qld_locali">
            <value/>
          </Data>
          <Data name="qld_loca_1">
            <value/>
          </Data>
          <Data name="qld_loca_3">
            <value/>
          </Data>
          <Data name="qld_loca_4">
            <value/>
          </Data>
          <Data name="qld_loca_5">
            <value/>
          </Data>
          <Data name="qld_loca_6">
            <value/>
          </Data>
          <Data name="qld_loca_7">
            <value/>
          </Data>
        </ExtendedData>
        <Polygon>
          <outerBoundaryIs>
            <LinearRing>
              <tessellate>1</tessellate>
              <coordinates>
                153.025454,-27.489603,0
                153.025828,-27.489665,0
                153.025837,-27.489618,0
                153.025845,-27.48958,0
                153.025847,-27.489572,0
                153.025864,-27.489483,0
                153.025869,-27.489457,0
                153.025882,-27.489393,0
                153.025899,-27.489304,0
                153.025905,-27.489274,0
                153.026006,-27.48929,0
                153.02605,-27.489296,0
                153.026055,-27.489302,0
                153.02614,-27.489411,0
                153.026145,-27.489417,0
                153.026225,-27.489519,0
                153.026259,-27.489563,0
                153.02631,-27.489628,0
                153.026395,-27.489736,0
                153.02648,-27.489845,0
                153.026899,-27.489904,0
                153.027127,-27.489879,0
                153.026908,-27.489599,0
                153.026616,-27.489225,0
                153.026713,-27.48924,0
                153.026874,-27.489264,0
                153.027025,-27.489287,0
                153.027042,-27.48919,0
                153.027053,-27.489192,0
                153.027084,-27.489105,0
                153.027174,-27.489127,0
                153.027373,-27.489156,0
                153.027414,-27.489162,0
                153.02751,-27.489176,0
                153.027537,-27.489156,0
                153.027554,-27.48913,0
                153.027546,-27.4891,0
                153.027517,-27.489085,0
                153.027733,-27.488933,0
                153.027613,-27.488915,0
                153.027472,-27.488894,0
                153.027528,-27.488626,0
                153.027583,-27.488358,0
                153.027724,-27.488379,0
                153.028075,-27.488432,0
                153.028151,-27.488305,0
                153.027892,-27.488266,0
                153.027911,-27.488177,0
                153.027929,-27.488088,0
                153.027948,-27.487998,0
                153.028003,-27.48773,0
                153.028124,-27.487749,0
                153.028512,-27.487807,0
                153.028671,-27.487831,0
                153.02874,-27.487715,0
                153.028904,-27.487439,0
                153.029039,-27.485641,0
                153.029097,-27.485353,0
                153.029279,-27.485058,0
                153.029341,-27.485067,0
                153.029441,-27.485082,0
                153.029541,-27.485097,0
                153.029722,-27.485124,0
                153.029893,-27.485149,0
                153.029894,-27.48515,0
                153.030094,-27.485179,0
                153.030097,-27.48518,0
                153.030186,-27.485193,0
                153.030325,-27.485213,0
                153.030345,-27.485115,0
                153.030404,-27.484798,0
                153.030436,-27.484628,0
                153.030559,-27.483967,0
                153.030598,-27.483757,0
                153.030687,-27.483679,0
                153.030732,-27.483437,0
                153.030707,-27.483337,0
                153.030688,-27.483321,0
                153.03063,-27.483223,0
                153.030567,-27.483117,0
                153.030347,-27.48277,0
                153.030366,-27.482664,0
                153.030381,-27.482584,0
                153.030383,-27.482404,0
                153.029893,-27.482362,0
                153.029113,-27.482313,0
                153.02871,-27.482258,0
                153.028391,-27.482159,0
                153.028342,-27.482151,0
                153.028358,-27.482066,0
                153.028371,-27.481998,0
                153.028418,-27.482007,0
                153.028435,-27.481904,0
                153.028447,-27.481823,0
                153.028647,-27.480719,0
                153.027333,-27.480386,0
                153.027072,-27.480238,0
                153.026592,-27.479638,0
                153.025185,-27.477928,0
                153.023067,-27.474975,0
                153.02259,-27.474311,0
                153.021301,-27.472512,0
                153.019577,-27.470623,0
                153.017438,-27.468821,0
                153.015172,-27.468608,0
                153.012715,-27.469549,0
                153.012079,-27.469979,0
                153.006998,-27.473413,0
                153.007877,-27.474194,0
                153.007942,-27.474252,0
                153.008097,-27.474389,0
                153.008086,-27.474398,0
                153.00848,-27.474748,0
                153.008583,-27.474888,0
                153.008228,-27.475204,0
                153.008382,-27.475343,0
                153.00838,-27.475678,0
                153.008401,-27.475678,0
                153.008447,-27.475637,0
                153.008584,-27.475516,0
                153.009027,-27.475913,0
                153.009186,-27.475771,0
                153.009188,-27.475773,0
                153.009348,-27.475887,0
                153.009375,-27.475873,0
                153.009407,-27.475873,0
                153.009435,-27.475887,0
                153.009608,-27.476041,0
                153.009524,-27.476116,0
                153.00944,-27.476191,0
                153.009357,-27.476266,0
                153.009429,-27.47633,0
                153.009501,-27.476394,0
                153.009537,-27.476426,0
                153.009573,-27.476458,0
                153.009825,-27.476233,0
                153.010157,-27.476528,0
                153.010157,-27.476579,0
                153.010323,-27.476687,0
                153.010197,-27.4768,0
                153.010341,-27.476928,0
                153.010215,-27.47704,0
                153.010286,-27.477105,0
                153.010358,-27.477169,0
                153.01061,-27.476945,0
                153.010686,-27.476876,0
                153.010771,-27.476951,0
                153.01245,-27.477196,0
                153.012433,-27.477289,0
                153.012383,-27.477558,0
                153.012484,-27.477573,0
                153.012534,-27.477304,0
                153.012587,-27.477312,0
                153.012805,-27.477334,0
                153.012926,-27.47751,0
                153.013244,-27.477971,0
                153.013157,-27.478019,0
                153.012765,-27.478231,0
                153.012978,-27.478541,0
                153.013032,-27.478618,0
                153.013085,-27.478696,0
                153.013215,-27.478625,0
                153.013284,-27.478726,0
                153.013414,-27.478655,0
                153.013545,-27.478584,0
                153.013689,-27.478793,0
                153.013782,-27.478997,0
                153.013838,-27.47901,0
                153.013976,-27.479211,0
                153.013781,-27.479317,0
                153.013835,-27.479396,0
                153.013737,-27.479449,0
                153.013639,-27.479502,0
                153.013665,-27.47954,0
                153.013692,-27.479579,0
                153.013746,-27.479657,0
                153.013799,-27.479735,0
                153.013853,-27.479812,0
                153.013959,-27.479968,0
                153.014066,-27.480123,0
                153.014173,-27.480278,0
                153.014226,-27.480356,0
                153.01428,-27.480434,0
                153.014377,-27.480381,0
                153.014475,-27.480327,0
                153.014582,-27.480483,0
                153.014689,-27.480638,0
                153.01485,-27.480551,0
                153.014991,-27.480687,0
                153.014983,-27.480691,0
                153.0149,-27.480736,0
                153.014795,-27.480793,0
                153.015007,-27.481103,0
                153.014943,-27.481138,0
                153.014994,-27.481214,0
                153.015048,-27.481294,0
                153.015001,-27.481319,0
                153.015474,-27.48139,0
                153.015485,-27.481576,0
                153.015688,-27.481606,0
                153.015564,-27.481956,0
                153.015675,-27.481972,0
                153.015767,-27.481986,0
                153.015869,-27.482,0
                153.01597,-27.482015,0
                153.016001,-27.481928,0
                153.016032,-27.48184,0
                153.016047,-27.481797,0
                153.016452,-27.481856,0
                153.016468,-27.481813,0
                153.016497,-27.481725,0
                153.016798,-27.481784,0
                153.016703,-27.482057,0
                153.016845,-27.482079,0
                153.016946,-27.482094,0
                153.017046,-27.48211,0
                153.017197,-27.482133,0
                153.017354,-27.482157,0
                153.017502,-27.48218,0
                153.017655,-27.482203,0
                153.017807,-27.482226,0
                153.017877,-27.482237,0
                153.017959,-27.48225,0
                153.018113,-27.482273,0
                153.018264,-27.482296,0
                153.018419,-27.482319,0
                153.01847,-27.482038,0
                153.018593,-27.482057,0
                153.019223,-27.482142,0
                153.019449,-27.482176,0
                153.019389,-27.48249,0
                153.019575,-27.482518,0
                153.019761,-27.482546,0
                153.019752,-27.48259,0
                153.019714,-27.482804,0
                153.019691,-27.482931,0
                153.019708,-27.482952,0
                153.019875,-27.483161,0
                153.020046,-27.483186,0
                153.019982,-27.483545,0
                153.020104,-27.483563,0
                153.020062,-27.483796,0
                153.020038,-27.483793,0
                153.020011,-27.483945,0
                153.019971,-27.483939,0
                153.019946,-27.483936,0
                153.019893,-27.483928,0
                153.019917,-27.484086,0
                153.020169,-27.484121,0
                153.020141,-27.484281,0
                153.020138,-27.484293,0
                153.020113,-27.484433,0
                153.0201,-27.484506,0
                153.020256,-27.484528,0
                153.020412,-27.484549,0
                153.020568,-27.48457,0
                153.020724,-27.484592,0
                153.02088,-27.484613,0
                153.021036,-27.484635,0
                153.021042,-27.484599,0
                153.021198,-27.48462,0
                153.021192,-27.484656,0
                153.021165,-27.484805,0
                153.021321,-27.484826,0
                153.021348,-27.484678,0
                153.021504,-27.484699,0
                153.02164,-27.484718,0
                153.02166,-27.484721,0
                153.02168,-27.484723,0
                153.021816,-27.484742,0
                153.021972,-27.484764,0
                153.022128,-27.484785,0
                153.022284,-27.484806,0
                153.02244,-27.484828,0
                153.022596,-27.484849,0
                153.022586,-27.484903,0
                153.022696,-27.484919,0
                153.022688,-27.484964,0
                153.022797,-27.48498,0
                153.022746,-27.485266,0
                153.022847,-27.48528,0
                153.022943,-27.485295,0
                153.023336,-27.485353,0
                153.023483,-27.485546,0
                153.023561,-27.485644,0
                153.023338,-27.485782,0
                153.023421,-27.485888,0
                153.023504,-27.485994,0
                153.023587,-27.4861,0
                153.02367,-27.486206,0
                153.023753,-27.486312,0
                153.023836,-27.486418,0
                153.023825,-27.486425,0
                153.023813,-27.486432,0
                153.023592,-27.486569,0
                153.023639,-27.486628,0
                153.023686,-27.486688,0
                153.023733,-27.486747,0
                153.02378,-27.486807,0
                153.023797,-27.486828,0
                153.023823,-27.486811,0
                153.023913,-27.486812,0
                153.024061,-27.486721,0
                153.024108,-27.48678,0
                153.024155,-27.486839,0
                153.024216,-27.486915,0
                153.024197,-27.48708,0
                153.024171,-27.487298,0
                153.024173,-27.487481,0
                153.024254,-27.487584,0
                153.024201,-27.487617,0
                153.024254,-27.487849,0
                153.024289,-27.488005,0
                153.024309,-27.488094,0
                153.024414,-27.488226,0
                153.02446,-27.488285,0
                153.024507,-27.488344,0
                153.024661,-27.488248,0
                153.024863,-27.488503,0
                153.024984,-27.488703,0
                153.024911,-27.489075,0
                153.024912,-27.489077,0
                153.025089,-27.489249,0
                153.025261,-27.489398,0
                153.025316,-27.489447,0
                153.025432,-27.489578,0
                153.025454,-27.489603,0
              </coordinates>
            </LinearRing>
          </outerBoundaryIs>
        </Polygon>
      </Placemark>
      <Placemark>
        <name>New Farm</name>
        <description><![CDATA[description: <br>qld_loca_2: NEW FARM<br>lc_ply_pid: 67065<br>dt_create: 2018-03-22Z<br>dt_retire: null<br>loc_pid: QLD2181<br>qld_locali: 2018-05-09Z<br>qld_loca_1: null<br>qld_loca_3: null<br>qld_loca_4: null<br>qld_loca_5: G<br>qld_loca_6: null<br>qld_loca_7: 3]]></description>
        <styleUrl>#poly-9C27B0-1200-77</styleUrl>
        <ExtendedData>
          <Data name="description">
            <value/>
          </Data>
          <Data name="qld_loca_2">
            <value>NEW FARM</value>
          </Data>
          <Data name="lc_ply_pid">
            <value>67065</value>
          </Data>
          <Data name="dt_create">
            <value>2018-03-22Z</value>
          </Data>
          <Data name="dt_retire">
            <value>null</value>
          </Data>
          <Data name="loc_pid">
            <value>QLD2181</value>
          </Data>
          <Data name="qld_locali">
            <value>2018-05-09Z</value>
          </Data>
          <Data name="qld_loca_1">
            <value>null</value>
          </Data>
          <Data name="qld_loca_3">
            <value>null</value>
          </Data>
          <Data name="qld_loca_4">
            <value>null</value>
          </Data>
          <Data name="qld_loca_5">
            <value>G</value>
          </Data>
          <Data name="qld_loca_6">
            <value>null</value>
          </Data>
          <Data name="qld_loca_7">
            <value>3</value>
          </Data>
        </ExtendedData>
        <Polygon>
          <outerBoundaryIs>
            <LinearRing>
              <tessellate>1</tessellate>
              <coordinates>
                153.0421294,-27.4755035,0
                153.0434424,-27.4764585,0
                153.0447044,-27.4767985,0
                153.0457864,-27.4767805,0
                153.0466874,-27.4764755,0
                153.0500944,-27.4749345,0
                153.0528024,-27.4731735,0
                153.0548384,-27.4714585,0
                153.0559434,-27.4698235,0
                153.0560644,-27.4683775,0
                153.0556654,-27.4672145,0
                153.0544044,-27.4654925,0
                153.0532694,-27.4639795,0
                153.0526564,-27.4627555,0
                153.0525934,-27.4620635,0
                153.0515404,-27.4619625,0
                153.0511694,-27.4620305,0
                153.0508924,-27.4622735,0
                153.0508414,-27.4623245,0
                153.0504794,-27.4626885,0
                153.0504644,-27.4627025,0
                153.0503314,-27.4628395,0
                153.0502164,-27.4628705,0
                153.0500824,-27.4627645,0
                153.0499644,-27.4626725,0
                153.0498974,-27.4627405,0
                153.0498214,-27.4626805,0
                153.0497454,-27.4626205,0
                153.0496694,-27.4625605,0
                153.0495934,-27.4625015,0
                153.0495174,-27.4624415,0
                153.0494414,-27.4623815,0
                153.0495084,-27.4623125,0
                153.0495754,-27.4622445,0
                153.0496424,-27.4621755,0
                153.0497094,-27.4621075,0
                153.0494034,-27.4618665,0
                153.0492514,-27.4617465,0
                153.0489694,-27.4615245,0
                153.0489024,-27.4615935,0
                153.0488344,-27.4616605,0
                153.0487684,-27.4617295,0
                153.0487014,-27.4617985,0
                153.0486294,-27.4617415,0
                153.0485924,-27.4617125,0
                153.0485564,-27.4616835,0
                153.0484834,-27.4616265,0
                153.0484114,-27.4615695,0
                153.0483344,-27.4615085,0
                153.0482574,-27.4614485,0
                153.0481814,-27.4613885,0
                153.0482484,-27.4613205,0
                153.0483164,-27.4612525,0
                153.0483834,-27.4611845,0
                153.0484504,-27.4611165,0
                153.0484274,-27.4610975,0
                153.0481434,-27.4608735,0
                153.0479914,-27.4607535,0
                153.0477084,-27.4605315,0
                153.0476414,-27.4605995,0
                153.0475734,-27.4606675,0
                153.0475054,-27.4607355,0
                153.0474384,-27.4608035,0
                153.0473614,-27.4607435,0
                153.0473234,-27.4607135,0
                153.0472854,-27.4606835,0
                153.0472094,-27.4606235,0
                153.0472774,-27.4605555,0
                153.0473784,-27.4604535,0
                153.0474794,-27.4603515,0
                153.0473654,-27.4602605,0
                153.0471744,-27.4601105,0
                153.0469744,-27.4599525,0
                153.0467854,-27.4598045,0
                153.0467174,-27.4598725,0
                153.0466494,-27.4599415,0
                153.0465804,-27.4600095,0
                153.0465124,-27.4600785,0
                153.0464354,-27.4600195,0
                153.0463584,-27.4599595,0
                153.0462434,-27.4598705,0
                153.0461064,-27.4597625,0
                153.0462184,-27.4596495,0
                153.0461474,-27.4596685,0
                153.0459694,-27.4595305,0
                153.0458914,-27.4596085,0
                153.0458654,-27.4596345,0
                153.0457284,-27.4595265,0
                153.0456234,-27.4596315,0
                153.0455984,-27.4596295,0
                153.0454734,-27.4595315,0
                153.0454874,-27.4595175,0
                153.0453824,-27.4594345,0
                153.0453064,-27.4593745,0
                153.0452294,-27.4593145,0
                153.0451534,-27.4592545,0
                153.0450764,-27.4591945,0
                153.0450004,-27.4591335,0
                153.0449244,-27.4590735,0
                153.0448474,-27.4590135,0
                153.0450824,-27.4587745,0
                153.0451834,-27.4586725,0
                153.0454124,-27.4588525,0
                153.0455254,-27.4587385,0
                153.0456144,-27.4586485,0
                153.0455144,-27.4585695,0
                153.0453854,-27.4584675,0
                153.0454864,-27.4583655,0
                153.0455874,-27.4582635,0
                153.0456674,-27.4581815,0
                153.0455044,-27.4580725,0
                153.0454344,-27.4581425,0
                153.0452344,-27.4583465,0
                153.0450814,-27.4582265,0
                153.0450524,-27.4582035,0
                153.0449284,-27.4581065,0
                153.0448524,-27.4580465,0
                153.0448264,-27.4580265,0
                153.0447114,-27.4579355,0
                153.0445944,-27.4578445,0
                153.0444694,-27.4577465,0
                153.0447404,-27.4574715,0
                153.0445614,-27.4573785,0
                153.0444384,-27.4575035,0
                153.0443204,-27.4574105,0
                153.0442884,-27.4574125,0
                153.0442144,-27.4573565,0
                153.0441814,-27.4573585,0
                153.0440904,-27.4574485,0
                153.0440344,-27.4574045,0
                153.0439354,-27.4573265,0
                153.0438484,-27.4572585,0
                153.0439884,-27.4571175,0
                153.0441204,-27.4569835,0
                153.0440994,-27.4569665,0
                153.0439814,-27.4570865,0
                153.0437214,-27.4568825,0
                153.0438404,-27.4567625,0
                153.0436874,-27.4566425,0
                153.0434274,-27.4564375,0
                153.0433544,-27.4565115,0
                153.0433584,-27.4565145,0
                153.0432934,-27.4565815,0
                153.0432044,-27.4565105,0
                153.0431374,-27.4565785,0
                153.0431144,-27.4565605,0
                153.0430464,-27.4566295,0
                153.0430134,-27.4566635,0
                153.0429794,-27.4566975,0
                153.0429754,-27.4567015,0
                153.0429124,-27.4567665,0
                153.0428444,-27.4568345,0
                153.0427774,-27.4569035,0
                153.0427104,-27.4569715,0
                153.0426424,-27.4570405,0
                153.0425754,-27.4571085,0
                153.0425084,-27.4571775,0
                153.0424404,-27.4572455,0
                153.0423734,-27.4573135,0
                153.0423394,-27.4573485,0
                153.0423064,-27.4573825,0
                153.0422394,-27.4574505,0
                153.0421714,-27.4575195,0
                153.0421044,-27.4575875,0
                153.0420374,-27.4576565,0
                153.0419694,-27.4577245,0
                153.0419684,-27.4577265,0
                153.0420604,-27.4577975,0
                153.0421524,-27.4578695,0
                153.0420744,-27.4579485,0
                153.0421034,-27.4579715,0
                153.0422584,-27.4580925,0
                153.0421104,-27.4582425,0
                153.0420694,-27.4582845,0
                153.0419504,-27.4584325,0
                153.0418074,-27.4585775,0
                153.0416084,-27.4584205,0
                153.0415484,-27.4584815,0
                153.0414884,-27.4585425,0
                153.0413094,-27.4584015,0
                153.0413034,-27.4584075,0
                153.0412354,-27.4584765,0
                153.0412294,-27.4584815,0
                153.0411674,-27.4585445,0
                153.0411274,-27.4585845,0
                153.0410994,-27.4586125,0
                153.0410414,-27.4586715,0
                153.0409634,-27.4587495,0
                153.0409594,-27.4587535,0
                153.0408954,-27.4588185,0
                153.0408274,-27.4588865,0
                153.0407584,-27.4589545,0
                153.0407484,-27.4589655,0
                153.0406904,-27.4590235,0
                153.0406224,-27.4590915,0
                153.0405544,-27.4591605,0
                153.0404864,-27.4592285,0
                153.0404184,-27.4592975,0
                153.0403504,-27.4593655,0
                153.0402824,-27.4594335,0
                153.0402144,-27.4595025,0
                153.0401464,-27.4595705,0
                153.0400784,-27.4596395,0
                153.0400104,-27.4597075,0
                153.0399424,-27.4597755,0
                153.0398744,-27.4598445,0
                153.0398054,-27.4599125,0
                153.0397374,-27.4599815,0
                153.0396694,-27.4600495,0
                153.0396014,-27.4601175,0
                153.0395334,-27.4601865,0
                153.0394654,-27.4602545,0
                153.0394634,-27.4602575,0
                153.0393974,-27.4603235,0
                153.0393294,-27.4603915,0
                153.0392614,-27.4604595,0
                153.0391934,-27.4605285,0
                153.0391254,-27.4605965,0
                153.0390574,-27.4606655,0
                153.0389894,-27.4607335,0
                153.0389204,-27.4608015,0
                153.0388934,-27.4608295,0
                153.0391284,-27.4610125,0
                153.0390714,-27.4610705,0
                153.0389864,-27.4611555,0
                153.0391334,-27.4612695,0
                153.0389684,-27.4614355,0
                153.0388814,-27.4616095,0
                153.0386844,-27.4618095,0
                153.0385694,-27.4617195,0
                153.0384544,-27.4616295,0
                153.0383394,-27.4615405,0
                153.0382184,-27.4616635,0
                153.0381524,-27.4617315,0
                153.0381204,-27.4617625,0
                153.0377604,-27.4621285,0
                153.0380594,-27.4623615,0
                153.0379754,-27.4624485,0
                153.0381324,-27.4625745,0
                153.0380514,-27.4626565,0
                153.0385884,-27.4630745,0
                153.0386654,-27.4631335,0
                153.0391254,-27.4634915,0
                153.0391584,-27.4634585,0
                153.0393124,-27.4635775,0
                153.0393144,-27.4635795,0
                153.0392004,-27.4638775,0
                153.0393144,-27.4639865,0
                153.0392724,-27.4641695,0
                153.0389764,-27.4644415,0
                153.0381084,-27.4652425,0
                153.0385384,-27.4660615,0
                153.0390404,-27.4671675,0
                153.0392024,-27.4677445,0
                153.0392724,-27.4687735,0
                153.0396354,-27.4707115,0
                153.0403774,-27.4729495,0
                153.0412784,-27.4748295,0
                153.0421294,-27.4755035,0
              </coordinates>
            </LinearRing>
          </outerBoundaryIs>
        </Polygon>
      </Placemark>
      <Placemark>
        <name>Brisbane City</name>
        <description><![CDATA[description: <br>qld_loca_2: <br>lc_ply_pid: <br>dt_create: <br>dt_retire: <br>loc_pid: <br>qld_locali: <br>qld_loca_1: <br>qld_loca_3: <br>qld_loca_4: <br>qld_loca_5: <br>qld_loca_6: <br>qld_loca_7: ]]></description>
        <styleUrl>#line-BDBDBD-1200</styleUrl>
        <ExtendedData>
          <Data name="description">
            <value/>
          </Data>
          <Data name="qld_loca_2">
            <value/>
          </Data>
          <Data name="lc_ply_pid">
            <value/>
          </Data>
          <Data name="dt_create">
            <value/>
          </Data>
          <Data name="dt_retire">
            <value/>
          </Data>
          <Data name="loc_pid">
            <value/>
          </Data>
          <Data name="qld_locali">
            <value/>
          </Data>
          <Data name="qld_loca_1">
            <value/>
          </Data>
          <Data name="qld_loca_3">
            <value/>
          </Data>
          <Data name="qld_loca_4">
            <value/>
          </Data>
          <Data name="qld_loca_5">
            <value/>
          </Data>
          <Data name="qld_loca_6">
            <value/>
          </Data>
          <Data name="qld_loca_7">
            <value/>
          </Data>
        </ExtendedData>
        <MultiGeometry>
          <LineString>
            <tessellate>1</tessellate>
            <coordinates>
              153.012705,-27.466522,0
              153.012138,-27.466717,0
              153.011833,-27.466816,0
              153.012138,-27.466717,0
              153.012705,-27.466522,0
            </coordinates>
          </LineString>
          <Polygon>
            <outerBoundaryIs>
              <LinearRing>
                <tessellate>1</tessellate>
                <coordinates>
                  153.010503,-27.467248,0
                  153.010526,-27.467301,0
                  153.01059,-27.467511,0
                  153.010673,-27.46775,0
                  153.010955,-27.468384,0
                  153.011197,-27.468827,0
                  153.011073,-27.468892,0
                  153.011113,-27.468951,0
                  153.011235,-27.468964,0
                  153.011296,-27.46897,0
                  153.012079,-27.469979,0
                  153.012715,-27.469549,0
                  153.015172,-27.468608,0
                  153.017438,-27.468821,0
                  153.019577,-27.470623,0
                  153.021301,-27.472512,0
                  153.02259,-27.474311,0
                  153.023067,-27.474975,0
                  153.025185,-27.477928,0
                  153.026592,-27.479638,0
                  153.027072,-27.480238,0
                  153.027333,-27.480386,0
                  153.028647,-27.480719,0
                  153.029025,-27.48076,0
                  153.029499,-27.480809,0
                  153.029886,-27.480853,0
                  153.031064,-27.480529,0
                  153.032091,-27.479448,0
                  153.032755,-27.477935,0
                  153.033087,-27.476503,0
                  153.03236,-27.469506,0
                  153.032664,-27.466685,0
                  153.032803,-27.465509,0
                  153.033305,-27.464659,0
                  153.034058,-27.464034,0
                  153.035115,-27.463617,0
                  153.035598,-27.463588,0
                  153.035545,-27.462715,0
                  153.035544,-27.462711,0
                  153.035533,-27.462525,0
                  153.035532,-27.46247,0
                  153.035531,-27.462456,0
                  153.035528,-27.462353,0
                  153.035518,-27.461959,0
                  153.035441,-27.46202,0
                  153.03529,-27.461901,0
                  153.03527,-27.461922,0
                  153.035118,-27.461802,0
                  153.035006,-27.461915,0
                  153.03471,-27.461682,0
                  153.034197,-27.4622,0
                  153.034156,-27.462286,0
                  153.033628,-27.462192,0
                  153.033049,-27.462114,0
                  153.032953,-27.462097,0
                  153.032633,-27.462049,0
                  153.032438,-27.462021,0
                  153.032206,-27.461987,0
                  153.032117,-27.461971,0
                  153.031874,-27.461939,0
                  153.03115,-27.46178,0
                  153.030963,-27.461903,0
                  153.030953,-27.461901,0
                  153.030921,-27.461904,0
                  153.030895,-27.461921,0
                  153.030882,-27.461946,0
                  153.030852,-27.462106,0
                  153.030783,-27.46216,0
                  153.03074,-27.462116,0
                  153.030648,-27.462187,0
                  153.030602,-27.462223,0
                  153.030556,-27.462259,0
                  153.030421,-27.462364,0
                  153.030286,-27.462469,0
                  153.030103,-27.46261,0
                  153.030011,-27.462682,0
                  153.029803,-27.462843,0
                  153.029689,-27.462932,0
                  153.029642,-27.462884,0
                  153.029436,-27.462672,0
                  153.02941,-27.462657,0
                  153.02938,-27.462656,0
                  153.029354,-27.46267,0
                  153.029188,-27.462825,0
                  153.028977,-27.463024,0
                  153.028887,-27.463108,0
                  153.028389,-27.46357,0
                  153.028388,-27.463612,0
                  153.028798,-27.464032,0
                  153.028824,-27.464047,0
                  153.028855,-27.464049,0
                  153.028884,-27.464037,0
                  153.028487,-27.464345,0
                  153.027951,-27.46476,0
                  153.027869,-27.464824,0
                  153.027562,-27.465062,0
                  153.027376,-27.464871,0
                  153.027371,-27.464865,0
                  153.027288,-27.464781,0
                  153.027183,-27.464672,0
                  153.027064,-27.464711,0
                  153.027005,-27.464717,0
                  153.026627,-27.464756,0
                  153.026555,-27.464763,0
                  153.026744,-27.464957,0
                  153.026564,-27.465049,0
                  153.026366,-27.464843,0
                  153.026232,-27.464796,0
                  153.02585,-27.465135,0
                  153.025304,-27.465186,0
                  153.025298,-27.465146,0
                  153.025116,-27.464953,0
                  153.024711,-27.465165,0
                  153.02469,-27.465137,0
                  153.024654,-27.465126,0
                  153.024617,-27.465135,0
                  153.024387,-27.46527,0
                  153.02435,-27.465291,0
                  153.024285,-27.46533,0
                  153.024054,-27.465469,0
                  153.023992,-27.465503,0
                  153.023911,-27.46554,0
                  153.023502,-27.465728,0
                  153.023464,-27.465728,0
                  153.023728,-27.465999,0
                  153.023563,-27.466126,0
                  153.023519,-27.466081,0
                  153.023286,-27.466262,0
                  153.02333,-27.466307,0
                  153.0231,-27.466486,0
                  153.022631,-27.466848,0
                  153.021459,-27.465649,0
                  153.021366,-27.465553,0
                  153.020642,-27.464812,0
                  153.020674,-27.46453,0
                  153.020626,-27.464302,0
                  153.020551,-27.46395,0
                  153.020714,-27.463546,0
                  153.020766,-27.463417,0
                  153.020888,-27.463111,0
                  153.020963,-27.462928,0
                  153.021196,-27.462364,0
                  153.021019,-27.461967,0
                  153.020544,-27.461817,0
                  153.020476,-27.461795,0
                  153.020178,-27.461697,0
                  153.020079,-27.461661,0
                  153.019318,-27.46139,0
                  153.019196,-27.461346,0
                  153.018772,-27.461162,0
                  153.017999,-27.460512,0
                  153.016483,-27.460555,0
                  153.015344,-27.46013,0
                  153.01519,-27.460081,0
                  153.014973,-27.46,0
                  153.014357,-27.459566,0
                  153.013864,-27.459266,0
                  153.013752,-27.459203,0
                  153.013377,-27.459015,0
                  153.013227,-27.458934,0
                  153.012881,-27.458663,0
                  153.012499,-27.458447,0
                  153.0124,-27.458592,0
                  153.012281,-27.458766,0
                  153.012178,-27.458951,0
                  153.012098,-27.459124,0
                  153.012027,-27.459296,0
                  153.011984,-27.459478,0
                  153.011948,-27.459657,0
                  153.011891,-27.459941,0
                  153.01187,-27.460049,0
                  153.011799,-27.460402,0
                  153.011741,-27.46069,0
                  153.011665,-27.46107,0
                  153.01163,-27.461249,0
                  153.01156,-27.461595,0
                  153.011544,-27.461676,0
                  153.01148,-27.461997,0
                  153.011462,-27.462087,0
                  153.011455,-27.462122,0
                  153.011419,-27.4623,0
                  153.0114,-27.462394,0
                  153.01138,-27.462497,0
                  153.011339,-27.462701,0
                  153.011311,-27.462839,0
                  153.011226,-27.463264,0
                  153.011164,-27.463401,0
                  153.011082,-27.463574,0
                  153.010928,-27.464339,0
                  153.010902,-27.46447,0
                  153.010829,-27.464838,0
                  153.010811,-27.464927,0
                  153.010743,-27.465271,0
                  153.010727,-27.465351,0
                  153.010673,-27.465622,0
                  153.010657,-27.465702,0
                  153.010652,-27.465757,0
                  153.010518,-27.466381,0
                  153.010411,-27.466606,0
                  153.010359,-27.466716,0
                  153.010387,-27.466982,0
                  153.010398,-27.467008,0
                  153.010503,-27.467248,0
                </coordinates>
              </LinearRing>
            </outerBoundaryIs>
          </Polygon>
        </MultiGeometry>
      </Placemark>
      <Placemark>
        <name>Victoria Park</name>
        <description><![CDATA[description: <br>qld_loca_2: <br>lc_ply_pid: <br>dt_create: <br>dt_retire: <br>loc_pid: <br>qld_locali: <br>qld_loca_1: <br>qld_loca_3: <br>qld_loca_4: <br>qld_loca_5: <br>qld_loca_6: <br>qld_loca_7: ]]></description>
        <styleUrl>#poly-9C27B0-1200-71</styleUrl>
        <ExtendedData>
          <Data name="description">
            <value/>
          </Data>
          <Data name="qld_loca_2">
            <value/>
          </Data>
          <Data name="lc_ply_pid">
            <value/>
          </Data>
          <Data name="dt_create">
            <value/>
          </Data>
          <Data name="dt_retire">
            <value/>
          </Data>
          <Data name="loc_pid">
            <value/>
          </Data>
          <Data name="qld_locali">
            <value/>
          </Data>
          <Data name="qld_loca_1">
            <value/>
          </Data>
          <Data name="qld_loca_3">
            <value/>
          </Data>
          <Data name="qld_loca_4">
            <value/>
          </Data>
          <Data name="qld_loca_5">
            <value/>
          </Data>
          <Data name="qld_loca_6">
            <value/>
          </Data>
          <Data name="qld_loca_7">
            <value/>
          </Data>
        </ExtendedData>
        <MultiGeometry>
          <Polygon>
            <outerBoundaryIs>
              <LinearRing>
                <tessellate>1</tessellate>
                <coordinates>
                  153.018437,-27.4626715,0
                  153.0168149,-27.4634279,0
                  153.0184177,-27.4627131,0
                  153.018437,-27.4626715,0
                </coordinates>
              </LinearRing>
            </outerBoundaryIs>
          </Polygon>
          <Polygon>
            <outerBoundaryIs>
              <LinearRing>
                <tessellate>1</tessellate>
                <coordinates>
                  153.018437,-27.4626715,0
                  153.0185154,-27.4626349,0
                  153.0185287,-27.4625586,0
                  153.0184797,-27.4625796,0
                  153.018437,-27.4626715,0
                </coordinates>
              </LinearRing>
            </outerBoundaryIs>
          </Polygon>
          <Polygon>
            <outerBoundaryIs>
              <LinearRing>
                <tessellate>1</tessellate>
                <coordinates>
                  153.017438,-27.468821,0
                  153.018816,-27.4653419,0
                  153.0205758,-27.4640664,0
                  153.020551,-27.46395,0
                  153.0202704,-27.4635662,0
                  153.0185089,-27.4626724,0
                  153.0184177,-27.4627131,0
                  153.0183233,-27.4629165,0
                  153.0168149,-27.4634279,0
                  153.017438,-27.468821,0
                </coordinates>
              </LinearRing>
            </outerBoundaryIs>
          </Polygon>
          <Polygon>
            <outerBoundaryIs>
              <LinearRing>
                <tessellate>1</tessellate>
                <coordinates>
                  153.0184797,-27.4625796,0
                  153.0185524,-27.4624228,0
                  153.0185287,-27.4625586,0
                  153.0203224,-27.4617922,0
                  153.0185154,-27.4626349,0
                  153.0185089,-27.4626724,0
                  153.020476,-27.461795,0
                  153.020544,-27.461817,0
                  153.021019,-27.461967,0
                  153.021196,-27.462364,0
                  153.020963,-27.462928,0
                  153.020888,-27.463111,0
                  153.0205758,-27.4640664,0
                  153.020626,-27.464302,0
                  153.020674,-27.46453,0
                  153.020642,-27.464812,0
                  153.021366,-27.465553,0
                  153.021459,-27.465649,0
                  153.022631,-27.466848,0
                  153.0231,-27.466486,0
                  153.02333,-27.466307,0
                  153.023286,-27.466262,0
                  153.023519,-27.466081,0
                  153.023563,-27.466126,0
                  153.023728,-27.465999,0
                  153.023464,-27.465728,0
                  153.023502,-27.465728,0
                  153.023911,-27.46554,0
                  153.023992,-27.465503,0
                  153.024054,-27.465469,0
                  153.024285,-27.46533,0
                  153.02435,-27.465291,0
                  153.024387,-27.46527,0
                  153.024617,-27.465135,0
                  153.024654,-27.465126,0
                  153.02469,-27.465137,0
                  153.024711,-27.465165,0
                  153.025116,-27.464953,0
                  153.025298,-27.465146,0
                  153.025304,-27.465186,0
                  153.02585,-27.465135,0
                  153.026232,-27.464796,0
                  153.026366,-27.464843,0
                  153.026564,-27.465049,0
                  153.026744,-27.464957,0
                  153.026555,-27.464763,0
                  153.026627,-27.464756,0
                  153.027005,-27.464717,0
                  153.027064,-27.464711,0
                  153.027183,-27.464672,0
                  153.027288,-27.464781,0
                  153.027371,-27.464865,0
                  153.027376,-27.464871,0
                  153.027562,-27.465062,0
                  153.027869,-27.464824,0
                  153.027951,-27.46476,0
                  153.028487,-27.464345,0
                  153.028884,-27.464037,0
                  153.028855,-27.464049,0
                  153.028824,-27.464047,0
                  153.028798,-27.464032,0
                  153.028388,-27.463612,0
                  153.028389,-27.46357,0
                  153.028887,-27.463108,0
                  153.028977,-27.463024,0
                  153.029188,-27.462825,0
                  153.029354,-27.46267,0
                  153.02938,-27.462656,0
                  153.02941,-27.462657,0
                  153.029436,-27.462672,0
                  153.029642,-27.462884,0
                  153.029689,-27.462932,0
                  153.029803,-27.462843,0
                  153.030011,-27.462682,0
                  153.030103,-27.46261,0
                  153.030286,-27.462469,0
                  153.030421,-27.462364,0
                  153.030556,-27.462259,0
                  153.030602,-27.462223,0
                  153.030648,-27.462187,0
                  153.03074,-27.462116,0
                  153.030783,-27.46216,0
                  153.030852,-27.462106,0
                  153.030882,-27.461946,0
                  153.030895,-27.461921,0
                  153.030921,-27.461904,0
                  153.030953,-27.461901,0
                  153.030963,-27.461903,0
                  153.03115,-27.46178,0
                  153.030484,-27.461638,0
                  153.030516,-27.461441,0
                  153.030518,-27.461429,0
                  153.030544,-27.46129,0
                  153.030541,-27.461232,0
                  153.030535,-27.461102,0
                  153.030509,-27.460544,0
                  153.030505,-27.460478,0
                  153.030502,-27.460412,0
                  153.0305,-27.460275,0
                  153.030497,-27.460209,0
                  153.030494,-27.460143,0
                  153.030508,-27.460076,0
                  153.030517,-27.460038,0
                  153.030625,-27.459928,0
                  153.030533,-27.459855,0
                  153.030402,-27.459988,0
                  153.030372,-27.460126,0
                  153.030312,-27.460079,0
                  153.030185,-27.459979,0
                  153.030096,-27.45991,0
                  153.02992,-27.460083,0
                  153.029717,-27.459924,0
                  153.030109,-27.459526,0
                  153.029991,-27.459433,0
                  153.029963,-27.45942,0
                  153.029931,-27.459422,0
                  153.029905,-27.459438,0
                  153.029831,-27.459307,0
                  153.029622,-27.459519,0
                  153.029526,-27.459444,0
                  153.02948,-27.459407,0
                  153.029431,-27.459369,0
                  153.029335,-27.459294,0
                  153.029258,-27.459233,0
                  153.02924,-27.459219,0
                  153.0292,-27.459188,0
                  153.029311,-27.459076,0
                  153.02922,-27.459004,0
                  153.029318,-27.458905,0
                  153.029096,-27.458731,0
                  153.028954,-27.4586,0
                  153.028418,-27.458181,0
                  153.028673,-27.457923,0
                  153.029252,-27.457336,0
                  153.02929,-27.457366,0
                  153.029758,-27.457731,0
                  153.029923,-27.457619,0
                  153.02961,-27.457374,0
                  153.029614,-27.45737,0
                  153.029899,-27.457081,0
                  153.029927,-27.457103,0
                  153.030212,-27.457326,0
                  153.03022,-27.457221,0
                  153.030019,-27.457065,0
                  153.030069,-27.457015,0
                  153.030075,-27.457021,0
                  153.030287,-27.456805,0
                  153.030481,-27.456956,0
                  153.030616,-27.456808,0
                  153.030387,-27.456713,0
                  153.030318,-27.456672,0
                  153.030241,-27.456612,0
                  153.030164,-27.456552,0
                  153.030087,-27.456492,0
                  153.03001,-27.456432,0
                  153.029934,-27.456372,0
                  153.030169,-27.456132,0
                  153.030092,-27.456072,0
                  153.030015,-27.456012,0
                  153.029938,-27.455952,0
                  153.0299,-27.455922,0
                  153.029861,-27.455892,0
                  153.029785,-27.455832,0
                  153.029708,-27.455772,0
                  153.029631,-27.455712,0
                  153.029554,-27.455652,0
                  153.029477,-27.455592,0
                  153.0294,-27.455532,0
                  153.029323,-27.455472,0
                  153.029285,-27.455442,0
                  153.029246,-27.455412,0
                  153.029169,-27.455352,0
                  153.029092,-27.455292,0
                  153.029016,-27.455232,0
                  153.029039,-27.455208,0
                  153.028967,-27.455146,0
                  153.028862,-27.454958,0
                  153.028876,-27.454933,0
                  153.028874,-27.454905,0
                  153.028857,-27.454881,0
                  153.028595,-27.454675,0
                  153.028417,-27.454856,0
                  153.028328,-27.454786,0
                  153.0282,-27.454686,0
                  153.028137,-27.454636,0
                  153.028073,-27.454585,0
                  153.027946,-27.454485,0
                  153.027819,-27.454385,0
                  153.027691,-27.454285,0
                  153.027564,-27.454185,0
                  153.027742,-27.454005,0
                  153.027712,-27.453981,0
                  153.027399,-27.453734,0
                  153.027552,-27.453673,0
                  153.027813,-27.453878,0
                  153.027841,-27.4539,0
                  153.027843,-27.453902,0
                  153.028099,-27.454103,0
                  153.028697,-27.45348,0
                  153.028701,-27.453437,0
                  153.028657,-27.453373,0
                  153.028744,-27.453325,0
                  153.028775,-27.453309,0
                  153.028755,-27.453233,0
                  153.028731,-27.453145,0
                  153.028685,-27.452968,0
                  153.028677,-27.452937,0
                  153.02865,-27.452833,0
                  153.028834,-27.452736,0
                  153.02908,-27.452608,0
                  153.028989,-27.452408,0
                  153.028791,-27.45185,0
                  153.028782,-27.451438,0
                  153.028725,-27.451195,0
                  153.028776,-27.450712,0
                  153.028914,-27.449928,0
                  153.028981,-27.449548,0
                  153.029261,-27.448017,0
                  153.029314,-27.44775,0
                  153.0359353,-27.446615,0
                  153.029575,-27.446278,0
                  153.029613,-27.446074,0
                  153.029682,-27.445703,0
                  153.029978,-27.444105,0
                  153.030015,-27.443907,0
                  153.029881,-27.443795,0
                  153.029711,-27.443627,0
                  153.029583,-27.443523,0
                  153.029395,-27.44351,0
                  153.029174,-27.443538,0
                  153.028971,-27.443699,0
                  153.028732,-27.443955,0
                  153.028505,-27.444243,0
                  153.028361,-27.444404,0
                  153.028241,-27.444542,0
                  153.02811,-27.444607,0
                  153.027918,-27.444553,0
                  153.027679,-27.444382,0
                  153.027463,-27.444201,0
                  153.0272,-27.444062,0
                  153.026913,-27.443966,0
                  153.026614,-27.443966,0
                  153.026219,-27.44402,0
                  153.026006,-27.444011,0
                  153.025737,-27.443999,0
                  153.025521,-27.443944,0
                  153.025408,-27.443944,0
                  153.025209,-27.443938,0
                  153.025152,-27.443926,0
                  153.02503,-27.443886,0
                  153.024985,-27.443869,0
                  153.024961,-27.443858,0
                  153.024833,-27.443812,0
                  153.024737,-27.44373,0
                  153.024618,-27.443757,0
                  153.024338,-27.44374,0
                  153.024261,-27.443669,0
                  153.024189,-27.443513,0
                  153.024182,-27.443466,0
                  153.024129,-27.443325,0
                  153.024071,-27.44322,0
                  153.023954,-27.443067,0
                  153.023764,-27.442905,0
                  153.023891,-27.44283,0
                  153.023969,-27.442784,0
                  153.023632,-27.44233,0
                  153.023525,-27.442393,0
                  153.023333,-27.442506,0
                  153.023117,-27.442415,0
                  153.022844,-27.44204,0
                  153.022737,-27.442155,0
                  153.022692,-27.442183,0
                  153.022653,-27.442202,0
                  153.022612,-27.442226,0
                  153.022553,-27.442261,0
                  153.022427,-27.442215,0
                  153.022262,-27.442238,0
                  153.022071,-27.442309,0
                  153.021824,-27.442362,0
                  153.021564,-27.442332,0
                  153.021252,-27.442238,0
                  153.020904,-27.442099,0
                  153.020475,-27.441998,0
                  153.020028,-27.441874,0
                  153.019672,-27.441728,0
                  153.019198,-27.44154,0
                  153.018711,-27.441211,0
                  153.018301,-27.440952,0
                  153.017965,-27.440811,0
                  153.017682,-27.440747,0
                  153.017327,-27.440723,0
                  153.016912,-27.440747,0
                  153.016504,-27.440859,0
                  153.016122,-27.441053,0
                  153.015793,-27.441293,0
                  153.015477,-27.441499,0
                  153.015052,-27.441802,0
                  153.014781,-27.441981,0
                  153.01438,-27.442234,0
                  153.013551,-27.442455,0
                  153.013236,-27.442465,0
                  153.012256,-27.441941,0
                  153.011713,-27.441132,0
                  153.011285,-27.440658,0
                  153.011198,-27.440562,0
                  153.010672,-27.440434,0
                  153.010075,-27.440418,0
                  153.009623,-27.440628,0
                  153.009173,-27.441276,0
                  153.009271,-27.441552,0
                  153.009435,-27.441707,0
                  153.009411,-27.441865,0
                  153.009329,-27.442001,0
                  153.009067,-27.442255,0
                  153.009026,-27.442294,0
                  153.008809,-27.442446,0
                  153.008647,-27.442492,0
                  153.008445,-27.44243,0
                  153.008361,-27.442379,0
                  153.008304,-27.442343,0
                  153.008225,-27.442275,0
                  153.008197,-27.442185,0
                  153.008164,-27.442128,0
                  153.008009,-27.442108,0
                  153.007946,-27.44211,0
                  153.007845,-27.442172,0
                  153.007509,-27.442336,0
                  153.007427,-27.442394,0
                  153.007363,-27.442544,0
                  153.007104,-27.442673,0
                  153.006796,-27.443012,0
                  153.006517,-27.443143,0
                  153.005988,-27.443221,0
                  153.005338,-27.443437,0
                  153.005285,-27.443509,0
                  153.005268,-27.443621,0
                  153.005209,-27.443768,0
                  153.005187,-27.443857,0
                  153.005187,-27.44406,0
                  153.005128,-27.444198,0
                  153.004928,-27.444473,0
                  153.004592,-27.444874,0
                  153.004534,-27.444914,0
                  153.004433,-27.444968,0
                  153.004335,-27.44501,0
                  153.004384,-27.445121,0
                  153.004466,-27.445305,0
                  153.004616,-27.445645,0
                  153.004713,-27.44561,0
                  153.004805,-27.445576,0
                  153.004899,-27.445542,0
                  153.004994,-27.445508,0
                  153.005005,-27.445534,0
                  153.005052,-27.44564,0
                  153.005241,-27.445572,0
                  153.005332,-27.445778,0
                  153.005464,-27.44573,0
                  153.00552,-27.445807,0
                  153.005377,-27.445859,0
                  153.005463,-27.446054,0
                  153.005273,-27.446123,0
                  153.005316,-27.446224,0
                  153.005335,-27.446267,0
                  153.005371,-27.446351,0
                  153.005408,-27.446436,0
                  153.005445,-27.446521,0
                  153.005454,-27.446542,0
                  153.005518,-27.44669,0
                  153.005555,-27.446775,0
                  153.005591,-27.44686,0
                  153.005621,-27.446928,0
                  153.005603,-27.447003,0
                  153.005271,-27.447123,0
                  153.005322,-27.447236,0
                  153.005335,-27.447266,0
                  153.005392,-27.447395,0
                  153.005511,-27.447662,0
                  153.005802,-27.447799,0
                  153.006067,-27.447718,0
                  153.006129,-27.447883,0
                  153.006183,-27.448025,0
                  153.006191,-27.448045,0
                  153.006301,-27.448012,0
                  153.006336,-27.448101,0
                  153.006121,-27.448168,0
                  153.00581,-27.448263,0
                  153.005811,-27.448457,0
                  153.006047,-27.448385,0
                  153.006112,-27.448552,0
                  153.006325,-27.448487,0
                  153.00637,-27.448603,0
                  153.006326,-27.448616,0
                  153.006415,-27.448846,0
                  153.006009,-27.448971,0
                  153.006078,-27.449144,0
                  153.006285,-27.449082,0
                  153.006455,-27.44903,0
                  153.006488,-27.449115,0
                  153.006521,-27.449201,0
                  153.006554,-27.449286,0
                  153.006404,-27.449332,0
                  153.00647,-27.449503,0
                  153.006653,-27.449445,0
                  153.006687,-27.44953,0
                  153.00672,-27.449615,0
                  153.006753,-27.4497,0
                  153.006343,-27.449826,0
                  153.006466,-27.449981,0
                  153.006618,-27.449934,0
                  153.006687,-27.450111,0
                  153.006892,-27.450048,0
                  153.006925,-27.45013,0
                  153.006957,-27.450213,0
                  153.006539,-27.450341,0
                  153.006631,-27.450414,0
                  153.00677,-27.450372,0
                  153.00696,-27.450313,0
                  153.006993,-27.450399,0
                  153.007026,-27.450485,0
                  153.007059,-27.45057,0
                  153.007092,-27.450656,0
                  153.007069,-27.450663,0
                  153.006948,-27.4507,0
                  153.006981,-27.450785,0
                  153.007013,-27.45087,0
                  153.006773,-27.450944,0
                  153.006816,-27.451024,0
                  153.006937,-27.450988,0
                  153.007002,-27.451161,0
                  153.007122,-27.451125,0
                  153.007245,-27.451088,0
                  153.007269,-27.451081,0
                  153.007302,-27.451167,0
                  153.007307,-27.451181,0
                  153.007334,-27.451253,0
                  153.007358,-27.45131,0
                  153.007373,-27.451359,0
                  153.007387,-27.451404,0
                  153.007427,-27.451535,0
                  153.007455,-27.451627,0
                  153.007481,-27.451713,0
                  153.007508,-27.451799,0
                  153.007536,-27.451884,0
                  153.007564,-27.45197,0
                  153.007592,-27.452055,0
                  153.00762,-27.452141,0
                  153.00769,-27.45234,0
                  153.007712,-27.452406,0
                  153.00774,-27.452492,0
                  153.007583,-27.452533,0
                  153.007663,-27.452776,0
                  153.0074,-27.452706,0
                  153.007325,-27.452869,0
                  153.007286,-27.452869,0
                  153.007253,-27.452888,0
                  153.007237,-27.452919,0
                  153.007188,-27.453235,0
                  153.007614,-27.453297,0
                  153.007597,-27.453384,0
                  153.00771,-27.453401,0
                  153.007693,-27.45349,0
                  153.007583,-27.453474,0
                  153.007535,-27.45374,0
                  153.007518,-27.453829,0
                  153.007106,-27.453769,0
                  153.00709,-27.453951,0
                  153.007504,-27.454011,0
                  153.007488,-27.454101,0
                  153.007471,-27.454192,0
                  153.007455,-27.454283,0
                  153.007499,-27.454289,0
                  153.007482,-27.454382,0
                  153.007586,-27.454397,0
                  153.007591,-27.454397,0
                  153.007691,-27.454411,0
                  153.007695,-27.454412,0
                  153.007795,-27.454426,0
                  153.007798,-27.454426,0
                  153.0079,-27.454441,0
                  153.008004,-27.454456,0
                  153.008018,-27.454384,0
                  153.008113,-27.454398,0
                  153.008211,-27.454411,0
                  153.008311,-27.454425,0
                  153.00842,-27.454441,0
                  153.008463,-27.454447,0
                  153.008516,-27.454454,0
                  153.008615,-27.454468,0
                  153.008715,-27.454482,0
                  153.008815,-27.454496,0
                  153.008898,-27.454508,0
                  153.008914,-27.454508,0
                  153.008966,-27.454223,0
                  153.009066,-27.454239,0
                  153.009017,-27.454511,0
                  153.009031,-27.454511,0
                  153.009105,-27.454522,0
                  153.009192,-27.454534,0
                  153.009279,-27.454546,0
                  153.009327,-27.454277,0
                  153.009428,-27.454291,0
                  153.009379,-27.45456,0
                  153.00947,-27.454573,0
                  153.009559,-27.454585,0
                  153.009648,-27.454598,0
                  153.009738,-27.45461,0
                  153.009828,-27.454623,0
                  153.009917,-27.454636,0
                  153.009966,-27.454369,0
                  153.010065,-27.454383,0
                  153.010016,-27.45465,0
                  153.010018,-27.454651,0
                  153.010157,-27.45467,0
                  153.010204,-27.454677,0
                  153.010297,-27.45469,0
                  153.010346,-27.454423,0
                  153.010476,-27.454442,0
                  153.010428,-27.454708,0
                  153.010558,-27.454727,0
                  153.010698,-27.454746,0
                  153.010835,-27.454766,0
                  153.010972,-27.454785,0
                  153.01102,-27.45452,0
                  153.011131,-27.454591,0
                  153.011034,-27.455131,0
                  153.011315,-27.455172,0
                  153.011293,-27.455291,0
                  153.011284,-27.455346,0
                  153.011345,-27.455309,0
                  153.011349,-27.455307,0
                  153.011435,-27.455256,0
                  153.011521,-27.455205,0
                  153.011588,-27.455165,0
                  153.011608,-27.455154,0
                  153.011614,-27.45515,0
                  153.011694,-27.455103,0
                  153.01178,-27.455052,0
                  153.011837,-27.455128,0
                  153.011893,-27.455204,0
                  153.011947,-27.455276,0
                  153.011968,-27.455263,0
                  153.012169,-27.455144,0
                  153.012229,-27.455222,0
                  153.012279,-27.455287,0
                  153.01233,-27.455354,0
                  153.012134,-27.455465,0
                  153.012162,-27.455501,0
                  153.012185,-27.455531,0
                  153.01238,-27.45542,0
                  153.012431,-27.455486,0
                  153.012477,-27.455546,0
                  153.012508,-27.455753,0
                  153.012908,-27.456576,0
                  153.012818,-27.456604,0
                  153.012786,-27.456887,0
                  153.013029,-27.456908,0
                  153.013019,-27.456999,0
                  153.013009,-27.457089,0
                  153.013073,-27.457095,0
                  153.013069,-27.457186,0
                  153.013064,-27.457277,0
                  153.013448,-27.45731,0
                  153.013701,-27.457761,0
                  153.013915,-27.458143,0
                  153.01405,-27.458384,0
                  153.014106,-27.458483,0
                  153.014299,-27.458838,0
                  153.014384,-27.458987,0
                  153.014439,-27.459082,0
                  153.014462,-27.459135,0
                  153.014478,-27.459191,0
                  153.014483,-27.459183,0
                  153.014499,-27.45924,0
                  153.014527,-27.459393,0
                  153.014474,-27.459455,0
                  153.014357,-27.459566,0
                  153.014973,-27.46,0
                  153.01519,-27.460081,0
                  153.015344,-27.46013,0
                  153.016483,-27.460555,0
                  153.0168399,-27.4605791,0
                  153.0167998,-27.4632973,0
                  153.0184797,-27.4625796,0
                </coordinates>
              </LinearRing>
            </outerBoundaryIs>
            <innerBoundaryIs>
              <LinearRing>
                <tessellate>1</tessellate>
                <coordinates>
                  153.020079,-27.461661,0
                  153.019318,-27.46139,0
                  153.019196,-27.461346,0
                  153.018772,-27.461162,0
                  153.0185524,-27.4624228,0
                  153.020079,-27.461661,0
                </coordinates>
              </LinearRing>
            </innerBoundaryIs>
          </Polygon>
        </MultiGeometry>
      </Placemark>
      <Placemark>
        <name>The Valley</name>
        <description><![CDATA[description: <br>qld_loca_2: FORTITUDE VALLEY<br>lc_ply_pid: <br>dt_create: <br>dt_retire: <br>loc_pid: <br>qld_locali: <br>qld_loca_1: <br>qld_loca_3: <br>qld_loca_4: <br>qld_loca_5: <br>qld_loca_6: <br>qld_loca_7: ]]></description>
        <styleUrl>#poly-9C27B0-1200-77</styleUrl>
        <ExtendedData>
          <Data name="description">
            <value/>
          </Data>
          <Data name="qld_loca_2">
            <value>FORTITUDE VALLEY</value>
          </Data>
          <Data name="lc_ply_pid">
            <value/>
          </Data>
          <Data name="dt_create">
            <value/>
          </Data>
          <Data name="dt_retire">
            <value/>
          </Data>
          <Data name="loc_pid">
            <value/>
          </Data>
          <Data name="qld_locali">
            <value/>
          </Data>
          <Data name="qld_loca_1">
            <value/>
          </Data>
          <Data name="qld_loca_3">
            <value/>
          </Data>
          <Data name="qld_loca_4">
            <value/>
          </Data>
          <Data name="qld_loca_5">
            <value/>
          </Data>
          <Data name="qld_loca_6">
            <value/>
          </Data>
          <Data name="qld_loca_7">
            <value/>
          </Data>
        </ExtendedData>
        <Polygon>
          <outerBoundaryIs>
            <LinearRing>
              <tessellate>1</tessellate>
              <coordinates>
                153.038037,-27.465217,0
                153.038905,-27.464416,0
                153.039201,-27.464144,0
                153.039243,-27.463961,0
                153.039129,-27.463852,0
                153.039243,-27.463554,0
                153.039241,-27.463552,0
                153.039087,-27.463433,0
                153.039054,-27.463466,0
                153.038594,-27.463108,0
                153.038517,-27.463049,0
                153.03798,-27.462631,0
                153.038061,-27.462549,0
                153.037904,-27.462423,0
                153.037988,-27.462336,0
                153.037689,-27.462103,0
                153.038049,-27.461737,0
                153.038081,-27.461706,0
                153.038147,-27.461638,0
                153.038268,-27.461515,0
                153.038383,-27.461604,0
                153.038498,-27.461694,0
                153.038613,-27.461784,0
                153.03881,-27.461584,0
                153.038897,-27.46141,0
                153.039062,-27.461244,0
                153.038915,-27.46113,0
                153.039,-27.461045,0
                153.039057,-27.460987,0
                153.038822,-27.460804,0
                153.038849,-27.460776,0
                153.038918,-27.460708,0
                153.038986,-27.46064,0
                153.039054,-27.460571,0
                153.039122,-27.460503,0
                153.03919,-27.460434,0
                153.039258,-27.460366,0
                153.039326,-27.460298,0
                153.039392,-27.460232,0
                153.039394,-27.460229,0
                153.039462,-27.460161,0
                153.03953,-27.460092,0
                153.039598,-27.460024,0
                153.039666,-27.459956,0
                153.039734,-27.459887,0
                153.039803,-27.459819,0
                153.039871,-27.45975,0
                153.039939,-27.459682,0
                153.040007,-27.459614,0
                153.040075,-27.459545,0
                153.040143,-27.459477,0
                153.040211,-27.459408,0
                153.040279,-27.45934,0
                153.040347,-27.459272,0
                153.040415,-27.459203,0
                153.040483,-27.459135,0
                153.040551,-27.459066,0
                153.040619,-27.458998,0
                153.040677,-27.45894,0
                153.040687,-27.458929,0
                153.040756,-27.458861,0
                153.040824,-27.458793,0
                153.040888,-27.458728,0
                153.040892,-27.458724,0
                153.04097,-27.458646,0
                153.041028,-27.458587,0
                153.041056,-27.458559,0
                153.041096,-27.458519,0
                153.041158,-27.458456,0
                153.041164,-27.458451,0
                153.041232,-27.458382,0
                153.041238,-27.458376,0
                153.041417,-27.458517,0
                153.041477,-27.458456,0
                153.041537,-27.458395,0
                153.041736,-27.458552,0
                153.041879,-27.458407,0
                153.041998,-27.458259,0
                153.042039,-27.458217,0
                153.042187,-27.458067,0
                153.042032,-27.457946,0
                153.042003,-27.457923,0
                153.042081,-27.457844,0
                153.041989,-27.457772,0
                153.041897,-27.457701,0
                153.041898,-27.457699,0
                153.041966,-27.457631,0
                153.042033,-27.457562,0
                153.0421,-27.457494,0
                153.042168,-27.457425,0
                153.042235,-27.457357,0
                153.042268,-27.457323,0
                153.042302,-27.457288,0
                153.042369,-27.45722,0
                153.042437,-27.457152,0
                153.042504,-27.457083,0
                153.042571,-27.457015,0
                153.042639,-27.456946,0
                153.042706,-27.456878,0
                153.042773,-27.456809,0
                153.042841,-27.456741,0
                153.042904,-27.456676,0
                153.042908,-27.456672,0
                153.042942,-27.456638,0
                153.042975,-27.456604,0
                153.043043,-27.456535,0
                153.04302,-27.456517,0
                153.04312,-27.456415,0
                153.043225,-27.456309,0
                153.042897,-27.45605,0
                153.042677,-27.455999,0
                153.042501,-27.45586,0
                153.042326,-27.455722,0
                153.042393,-27.455654,0
                153.042149,-27.455461,0
                153.042053,-27.45538,0
                153.041961,-27.455339,0
                153.041869,-27.455298,0
                153.041882,-27.455271,0
                153.041878,-27.455242,0
                153.041861,-27.455217,0
                153.041698,-27.455079,0
                153.04163,-27.455022,0
                153.04134,-27.455315,0
                153.041364,-27.455334,0
                153.041297,-27.455402,0
                153.04123,-27.45547,0
                153.041162,-27.455538,0
                153.041095,-27.455607,0
                153.04108,-27.455594,0
                153.041004,-27.455534,0
                153.040928,-27.455474,0
                153.040852,-27.455413,0
                153.040791,-27.455365,0
                153.040776,-27.455353,0
                153.040677,-27.455274,0
                153.040624,-27.455232,0
                153.040548,-27.455171,0
                153.040472,-27.455111,0
                153.040411,-27.455063,0
                153.040373,-27.455032,0
                153.040069,-27.454791,0
                153.039955,-27.4547,0
                153.03988,-27.454639,0
                153.039651,-27.454458,0
                153.039853,-27.454254,0
                153.03992,-27.454186,0
                153.039988,-27.454118,0
                153.04025,-27.453852,0
                153.040416,-27.453738,0
                153.04062,-27.453532,0
                153.040688,-27.453463,0
                153.040824,-27.453326,0
                153.040779,-27.453291,0
                153.041096,-27.452971,0
                153.040854,-27.452911,0
                153.040912,-27.452723,0
                153.040895,-27.452716,0
                153.040879,-27.452708,0
                153.040864,-27.452699,0
                153.040849,-27.452688,0
                153.040837,-27.452677,0
                153.040825,-27.452664,0
                153.040815,-27.45265,0
                153.040806,-27.452635,0
                153.040799,-27.45262,0
                153.040794,-27.452604,0
                153.04079,-27.452588,0
                153.040788,-27.452572,0
                153.040788,-27.452555,0
                153.040789,-27.452539,0
                153.040864,-27.452242,0
                153.040896,-27.452152,0
                153.040917,-27.452082,0
                153.040938,-27.452009,0
                153.040941,-27.45201,0
                153.040965,-27.451923,0
                153.040977,-27.45188,0
                153.041032,-27.45169,0
                153.041186,-27.451154,0
                153.041895,-27.451264,0
                153.041949,-27.450996,0
                153.041228,-27.450884,0
                153.041115,-27.450867,0
                153.041183,-27.450657,0
                153.041293,-27.450327,0
                153.04137,-27.450183,0
                153.041531,-27.450001,0
                153.041323,-27.449802,0
                153.040711,-27.449561,0
                153.040503,-27.44948,0
                153.040355,-27.449421,0
                153.040336,-27.449461,0
                153.040215,-27.449712,0
                153.040173,-27.449714,0
                153.039781,-27.449744,0
                153.039723,-27.449749,0
                153.039574,-27.44976,0
                153.039187,-27.449786,0
                153.039098,-27.44979,0
                153.038841,-27.449819,0
                153.038797,-27.449824,0
                153.038543,-27.449746,0
                153.038332,-27.449613,0
                153.038098,-27.449373,0
                153.038081,-27.449475,0
                153.037933,-27.450371,0
                153.037895,-27.450433,0
                153.037659,-27.450815,0
                153.037627,-27.450901,0
                153.037655,-27.45091,0
                153.037578,-27.450988,0
                153.0375,-27.451067,0
                153.037402,-27.451289,0
                153.037234,-27.451586,0
                153.037044,-27.451953,0
                153.03701,-27.452017,0
                153.036944,-27.45214,0
                153.036854,-27.452324,0
                153.036781,-27.452475,0
                153.036794,-27.452485,0
                153.036733,-27.452558,0
                153.036045,-27.452018,0
                153.035838,-27.451832,0
                153.03533,-27.452266,0
                153.035268,-27.45232,0
                153.034746,-27.452836,0
                153.034662,-27.452922,0
                153.034473,-27.453114,0
                153.034346,-27.453243,0
                153.034252,-27.45317,0
                153.034237,-27.453158,0
                153.03404,-27.453003,0
                153.034016,-27.453027,0
                153.033973,-27.453071,0
                153.033906,-27.45314,0
                153.033815,-27.453067,0
                153.033734,-27.453149,0
                153.033531,-27.453356,0
                153.03344,-27.453284,0
                153.033237,-27.453492,0
                153.033186,-27.453543,0
                153.033104,-27.45346,0
                153.03284,-27.453251,0
                153.032646,-27.453014,0
                153.032565,-27.452801,0
                153.032293,-27.452583,0
                153.032177,-27.45249,0
                153.032016,-27.452361,0
                153.03119,-27.451696,0
                153.031097,-27.451606,0
                153.030994,-27.451648,0
                153.030505,-27.451863,0
                153.030342,-27.451948,0
                153.029285,-27.452501,0
                153.02908,-27.452608,0
                153.028834,-27.452736,0
                153.02865,-27.452833,0
                153.028677,-27.452937,0
                153.028685,-27.452968,0
                153.028731,-27.453145,0
                153.028755,-27.453233,0
                153.028775,-27.453309,0
                153.028744,-27.453325,0
                153.028657,-27.453373,0
                153.028701,-27.453437,0
                153.028697,-27.45348,0
                153.028099,-27.454103,0
                153.027843,-27.453902,0
                153.027841,-27.4539,0
                153.027813,-27.453878,0
                153.027552,-27.453673,0
                153.027399,-27.453734,0
                153.027712,-27.453981,0
                153.027742,-27.454005,0
                153.027564,-27.454185,0
                153.027691,-27.454285,0
                153.027819,-27.454385,0
                153.027946,-27.454485,0
                153.028073,-27.454585,0
                153.028137,-27.454636,0
                153.0282,-27.454686,0
                153.028328,-27.454786,0
                153.028417,-27.454856,0
                153.028595,-27.454675,0
                153.028857,-27.454881,0
                153.028874,-27.454905,0
                153.028876,-27.454933,0
                153.028862,-27.454958,0
                153.028967,-27.455146,0
                153.029039,-27.455208,0
                153.029016,-27.455232,0
                153.029092,-27.455292,0
                153.029169,-27.455352,0
                153.029246,-27.455412,0
                153.029285,-27.455442,0
                153.029323,-27.455472,0
                153.0294,-27.455532,0
                153.029477,-27.455592,0
                153.029554,-27.455652,0
                153.029631,-27.455712,0
                153.029708,-27.455772,0
                153.029785,-27.455832,0
                153.029861,-27.455892,0
                153.0299,-27.455922,0
                153.029938,-27.455952,0
                153.030015,-27.456012,0
                153.030092,-27.456072,0
                153.030169,-27.456132,0
                153.029934,-27.456372,0
                153.03001,-27.456432,0
                153.030087,-27.456492,0
                153.030164,-27.456552,0
                153.030241,-27.456612,0
                153.030318,-27.456672,0
                153.030387,-27.456713,0
                153.030616,-27.456808,0
                153.030481,-27.456956,0
                153.030287,-27.456805,0
                153.030075,-27.457021,0
                153.030069,-27.457015,0
                153.030019,-27.457065,0
                153.03022,-27.457221,0
                153.030212,-27.457326,0
                153.029927,-27.457103,0
                153.029899,-27.457081,0
                153.029614,-27.45737,0
                153.02961,-27.457374,0
                153.029923,-27.457619,0
                153.029758,-27.457731,0
                153.02929,-27.457366,0
                153.029252,-27.457336,0
                153.028673,-27.457923,0
                153.028418,-27.458181,0
                153.028954,-27.4586,0
                153.029096,-27.458731,0
                153.029318,-27.458905,0
                153.02922,-27.459004,0
                153.029311,-27.459076,0
                153.0292,-27.459188,0
                153.02924,-27.459219,0
                153.029258,-27.459233,0
                153.029335,-27.459294,0
                153.029431,-27.459369,0
                153.02948,-27.459407,0
                153.029526,-27.459444,0
                153.029622,-27.459519,0
                153.029831,-27.459307,0
                153.029905,-27.459438,0
                153.029931,-27.459422,0
                153.029963,-27.45942,0
                153.029991,-27.459433,0
                153.030109,-27.459526,0
                153.029717,-27.459924,0
                153.02992,-27.460083,0
                153.030096,-27.45991,0
                153.030185,-27.459979,0
                153.030312,-27.460079,0
                153.030372,-27.460126,0
                153.030402,-27.459988,0
                153.030533,-27.459855,0
                153.030625,-27.459928,0
                153.030517,-27.460038,0
                153.030508,-27.460076,0
                153.030494,-27.460143,0
                153.030497,-27.460209,0
                153.0305,-27.460275,0
                153.030502,-27.460412,0
                153.030505,-27.460478,0
                153.030509,-27.460544,0
                153.030535,-27.461102,0
                153.030541,-27.461232,0
                153.030544,-27.46129,0
                153.030518,-27.461429,0
                153.030516,-27.461441,0
                153.030484,-27.461638,0
                153.03115,-27.46178,0
                153.031874,-27.461939,0
                153.032117,-27.461971,0
                153.032206,-27.461987,0
                153.032438,-27.462021,0
                153.032633,-27.462049,0
                153.032953,-27.462097,0
                153.033049,-27.462114,0
                153.033628,-27.462192,0
                153.034156,-27.462286,0
                153.034197,-27.4622,0
                153.03471,-27.461682,0
                153.035006,-27.461915,0
                153.035118,-27.461802,0
                153.03527,-27.461922,0
                153.03529,-27.461901,0
                153.035441,-27.46202,0
                153.035518,-27.461959,0
                153.035528,-27.462353,0
                153.035531,-27.462456,0
                153.035532,-27.46247,0
                153.035533,-27.462525,0
                153.035544,-27.462711,0
                153.035545,-27.462715,0
                153.035598,-27.463588,0
                153.035903,-27.463569,0
                153.036513,-27.463697,0
                153.037266,-27.46421,0
                153.038037,-27.465217,0
              </coordinates>
            </LinearRing>
          </outerBoundaryIs>
        </Polygon>
      </Placemark>
      <Placemark>
        <name>Newstead/Teneriffe</name>
        <description><![CDATA[description: <br>qld_loca_2: <br>lc_ply_pid: <br>dt_create: <br>dt_retire: <br>loc_pid: <br>qld_locali: <br>qld_loca_1: <br>qld_loca_3: <br>qld_loca_4: <br>qld_loca_5: <br>qld_loca_6: <br>qld_loca_7: ]]></description>
        <styleUrl>#poly-9C27B0-1200-77</styleUrl>
        <ExtendedData>
          <Data name="description">
            <value/>
          </Data>
          <Data name="qld_loca_2">
            <value/>
          </Data>
          <Data name="lc_ply_pid">
            <value/>
          </Data>
          <Data name="dt_create">
            <value/>
          </Data>
          <Data name="dt_retire">
            <value/>
          </Data>
          <Data name="loc_pid">
            <value/>
          </Data>
          <Data name="qld_locali">
            <value/>
          </Data>
          <Data name="qld_loca_1">
            <value/>
          </Data>
          <Data name="qld_loca_3">
            <value/>
          </Data>
          <Data name="qld_loca_4">
            <value/>
          </Data>
          <Data name="qld_loca_5">
            <value/>
          </Data>
          <Data name="qld_loca_6">
            <value/>
          </Data>
          <Data name="qld_loca_7">
            <value/>
          </Data>
        </ExtendedData>
        <Polygon>
          <outerBoundaryIs>
            <LinearRing>
              <tessellate>1</tessellate>
              <coordinates>
                153.043043,-27.456535,0
                153.043066,-27.456553,0
                153.043133,-27.456485,0
                153.043222,-27.456556,0
                153.043287,-27.456489,0
                153.043283,-27.456486,0
                153.043356,-27.456412,0
                153.043616,-27.456617,0
                153.043769,-27.456737,0
                153.04365,-27.456857,0
                153.04391,-27.457061,0
                153.044028,-27.456941,0
                153.044049,-27.456958,0
                153.043917,-27.457092,0
                153.043777,-27.457233,0
                153.043864,-27.457301,0
                153.043963,-27.457379,0
                153.044019,-27.457423,0
                153.04411,-27.457333,0
                153.044143,-27.457331,0
                153.044217,-27.457387,0
                153.044249,-27.457385,0
                153.044367,-27.457478,0
                153.04449,-27.457353,0
                153.044669,-27.457446,0
                153.044398,-27.457721,0
                153.044523,-27.457819,0
                153.04464,-27.45791,0
                153.044755,-27.458001,0
                153.044781,-27.458021,0
                153.044857,-27.458081,0
                153.044981,-27.458178,0
                153.04501,-27.458201,0
                153.045163,-27.458321,0
                153.045363,-27.458117,0
                153.045433,-27.458047,0
                153.045596,-27.458156,0
                153.045516,-27.458238,0
                153.045415,-27.45834,0
                153.045314,-27.458442,0
                153.045443,-27.458544,0
                153.045543,-27.458623,0
                153.045454,-27.458713,0
                153.045341,-27.458827,0
                153.045112,-27.458647,0
                153.045011,-27.458749,0
                153.044776,-27.458988,0
                153.044853,-27.459048,0
                153.044929,-27.459108,0
                153.045005,-27.459169,0
                153.045082,-27.459229,0
                153.045158,-27.459289,0
                153.045235,-27.459349,0
                153.045311,-27.459409,0
                153.045416,-27.459492,0
                153.045402,-27.459506,0
                153.045527,-27.459604,0
                153.045552,-27.459606,0
                153.045657,-27.459501,0
                153.045794,-27.459609,0
                153.04582,-27.459583,0
                153.045898,-27.459505,0
                153.046076,-27.459643,0
                153.046147,-27.459624,0
                153.046035,-27.459737,0
                153.046172,-27.459845,0
                153.046287,-27.459934,0
                153.046364,-27.459994,0
                153.046441,-27.460053,0
                153.046509,-27.459984,0
                153.046578,-27.459916,0
                153.046646,-27.459847,0
                153.046714,-27.459779,0
                153.046903,-27.459927,0
                153.047103,-27.460085,0
                153.047294,-27.460235,0
                153.047408,-27.460326,0
                153.047307,-27.460428,0
                153.047206,-27.46053,0
                153.047138,-27.460598,0
                153.047214,-27.460658,0
                153.047252,-27.460688,0
                153.04729,-27.460718,0
                153.047367,-27.460778,0
                153.047434,-27.46071,0
                153.047502,-27.460642,0
                153.04757,-27.460574,0
                153.047637,-27.460506,0
                153.04792,-27.460728,0
                153.048072,-27.460848,0
                153.048356,-27.461072,0
                153.048379,-27.461091,0
                153.048312,-27.461159,0
                153.048245,-27.461227,0
                153.048177,-27.461295,0
                153.04811,-27.461363,0
                153.048186,-27.461423,0
                153.048263,-27.461483,0
                153.04834,-27.461544,0
                153.048412,-27.461601,0
                153.048485,-27.461658,0
                153.048521,-27.461687,0
                153.048558,-27.461716,0
                153.04863,-27.461773,0
                153.048697,-27.461704,0
                153.048763,-27.461635,0
                153.048831,-27.461568,0
                153.048898,-27.461499,0
                153.04918,-27.461721,0
                153.049332,-27.461841,0
                153.049638,-27.462082,0
                153.049571,-27.46215,0
                153.049504,-27.462219,0
                153.049437,-27.462287,0
                153.04937,-27.462356,0
                153.049446,-27.462416,0
                153.049522,-27.462476,0
                153.049598,-27.462535,0
                153.049674,-27.462595,0
                153.04975,-27.462655,0
                153.049826,-27.462715,0
                153.049893,-27.462647,0
                153.050011,-27.462739,0
                153.050145,-27.462845,0
                153.05026,-27.462814,0
                153.050393,-27.462677,0
                153.050408,-27.462663,0
                153.05077,-27.462299,0
                153.050821,-27.462248,0
                153.051098,-27.462005,0
                153.051469,-27.461937,0
                153.052522,-27.462038,0
                153.052437,-27.461104,0
                153.052103,-27.456312,0
                153.051941,-27.454828,0
                153.050824,-27.451183,0
                153.050171,-27.449444,0
                153.048778,-27.44573,0
                153.048539,-27.444625,0
                153.04869,-27.443714,0
                153.04908,-27.442958,0
                153.049604,-27.442412,0
                153.049416,-27.442317,0
                153.048979,-27.442149,0
                153.048547,-27.44202,0
                153.048006,-27.441877,0
                153.047576,-27.441827,0
                153.047257,-27.441799,0
                153.045874,-27.44159,0
                153.045624,-27.441605,0
                153.04521,-27.441418,0
                153.044183,-27.440979,0
                153.044074,-27.440964,0
                153.043965,-27.440956,0
                153.043824,-27.440952,0
                153.043706,-27.440968,0
                153.043574,-27.441013,0
                153.043466,-27.441058,0
                153.043343,-27.441144,0
                153.043159,-27.441287,0
                153.042975,-27.441438,0
                153.042782,-27.441601,0
                153.042603,-27.441736,0
                153.042447,-27.441854,0
                153.042343,-27.441919,0
                153.042443,-27.442218,0
                153.042467,-27.44223,0
                153.042559,-27.442275,0
                153.04254,-27.442306,0
                153.042103,-27.443018,0
                153.04175,-27.443591,0
                153.041756,-27.443772,0
                153.041891,-27.44406,0
                153.041954,-27.444091,0
                153.041985,-27.444098,0
                153.042015,-27.44409,0
                153.042037,-27.44407,0
                153.042054,-27.44442,0
                153.042129,-27.444715,0
                153.042578,-27.4451,0
                153.042385,-27.445199,0
                153.042376,-27.445222,0
                153.04244,-27.445448,0
                153.042148,-27.445408,0
                153.042118,-27.445587,0
                153.042072,-27.445856,0
                153.04204,-27.446039,0
                153.041944,-27.446602,0
                153.041939,-27.446693,0
                153.042011,-27.447151,0
                153.042022,-27.44718,0
                153.042047,-27.447202,0
                153.042079,-27.447213,0
                153.042181,-27.447227,0
                153.042205,-27.447413,0
                153.041832,-27.447359,0
                153.04154,-27.447317,0
                153.041551,-27.447635,0
                153.041554,-27.447716,0
                153.041563,-27.447952,0
                153.041719,-27.447974,0
                153.042147,-27.448035,0
                153.042364,-27.448066,0
                153.042367,-27.448067,0
                153.042526,-27.448089,0
                153.042553,-27.448345,0
                153.042578,-27.44858,0
                153.042639,-27.448774,0
                153.042645,-27.448883,0
                153.042622,-27.449009,0
                153.042581,-27.449123,0
                153.042425,-27.449335,0
                153.041937,-27.449727,0
                153.041531,-27.450001,0
                153.04137,-27.450183,0
                153.041293,-27.450327,0
                153.041183,-27.450657,0
                153.041115,-27.450867,0
                153.041228,-27.450884,0
                153.041949,-27.450996,0
                153.041895,-27.451264,0
                153.041186,-27.451154,0
                153.041032,-27.45169,0
                153.040977,-27.45188,0
                153.040965,-27.451923,0
                153.040941,-27.45201,0
                153.040938,-27.452009,0
                153.040917,-27.452082,0
                153.040896,-27.452152,0
                153.040864,-27.452242,0
                153.040789,-27.452539,0
                153.040788,-27.452555,0
                153.040788,-27.452572,0
                153.04079,-27.452588,0
                153.040794,-27.452604,0
                153.040799,-27.45262,0
                153.040806,-27.452635,0
                153.040815,-27.45265,0
                153.040825,-27.452664,0
                153.040837,-27.452677,0
                153.040849,-27.452688,0
                153.040864,-27.452699,0
                153.040879,-27.452708,0
                153.040895,-27.452716,0
                153.040912,-27.452723,0
                153.040854,-27.452911,0
                153.041096,-27.452971,0
                153.040779,-27.453291,0
                153.040824,-27.453326,0
                153.040688,-27.453463,0
                153.04062,-27.453532,0
                153.040416,-27.453738,0
                153.04025,-27.453852,0
                153.039988,-27.454118,0
                153.03992,-27.454186,0
                153.039853,-27.454254,0
                153.039651,-27.454458,0
                153.03988,-27.454639,0
                153.039955,-27.4547,0
                153.040069,-27.454791,0
                153.040373,-27.455032,0
                153.040411,-27.455063,0
                153.040472,-27.455111,0
                153.040548,-27.455171,0
                153.040624,-27.455232,0
                153.040677,-27.455274,0
                153.040776,-27.455353,0
                153.040791,-27.455365,0
                153.040852,-27.455413,0
                153.040928,-27.455474,0
                153.041004,-27.455534,0
                153.04108,-27.455594,0
                153.041095,-27.455607,0
                153.041162,-27.455538,0
                153.04123,-27.45547,0
                153.041297,-27.455402,0
                153.041364,-27.455334,0
                153.04134,-27.455315,0
                153.04163,-27.455022,0
                153.041698,-27.455079,0
                153.041861,-27.455217,0
                153.041878,-27.455242,0
                153.041882,-27.455271,0
                153.041869,-27.455298,0
                153.041961,-27.455339,0
                153.042053,-27.45538,0
                153.042149,-27.455461,0
                153.042393,-27.455654,0
                153.042326,-27.455722,0
                153.042501,-27.45586,0
                153.042677,-27.455999,0
                153.042897,-27.45605,0
                153.043225,-27.456309,0
                153.04312,-27.456415,0
                153.04302,-27.456517,0
                153.043043,-27.456535,0
              </coordinates>
            </LinearRing>
          </outerBoundaryIs>
        </Polygon>
      </Placemark>
      <Placemark>
        <name>West End/Highgate Hill</name>
        <description><![CDATA[description: <br>qld_loca_2: <br>lc_ply_pid: <br>dt_create: <br>dt_retire: <br>loc_pid: <br>qld_locali: <br>qld_loca_1: <br>qld_loca_3: <br>qld_loca_4: <br>qld_loca_5: <br>qld_loca_6: <br>qld_loca_7: ]]></description>
        <styleUrl>#poly-F57C00-1200-77</styleUrl>
        <ExtendedData>
          <Data name="description">
            <value/>
          </Data>
          <Data name="qld_loca_2">
            <value/>
          </Data>
          <Data name="lc_ply_pid">
            <value/>
          </Data>
          <Data name="dt_create">
            <value/>
          </Data>
          <Data name="dt_retire">
            <value/>
          </Data>
          <Data name="loc_pid">
            <value/>
          </Data>
          <Data name="qld_locali">
            <value/>
          </Data>
          <Data name="qld_loca_1">
            <value/>
          </Data>
          <Data name="qld_loca_3">
            <value/>
          </Data>
          <Data name="qld_loca_4">
            <value/>
          </Data>
          <Data name="qld_loca_5">
            <value/>
          </Data>
          <Data name="qld_loca_6">
            <value/>
          </Data>
          <Data name="qld_loca_7">
            <value/>
          </Data>
        </ExtendedData>
        <Polygon>
          <outerBoundaryIs>
            <LinearRing>
              <tessellate>1</tessellate>
              <coordinates>
                153.01887,-27.49446,0
                153.01971,-27.493776,0
                153.020071,-27.493465,0
                153.020108,-27.493434,0
                153.020002,-27.49334,0
                153.019929,-27.493277,0
                153.019966,-27.493245,0
                153.020333,-27.49293,0
                153.020405,-27.492864,0
                153.020411,-27.49287,0
                153.020478,-27.492928,0
                153.020839,-27.493247,0
                153.020975,-27.493133,0
                153.021027,-27.493089,0
                153.021228,-27.492921,0
                153.02123,-27.492919,0
                153.021341,-27.492825,0
                153.021712,-27.493162,0
                153.021909,-27.49334,0
                153.022248,-27.493647,0
                153.022359,-27.493554,0
                153.02242,-27.493248,0
                153.02232,-27.493232,0
                153.022219,-27.493217,0
                153.022263,-27.493,0
                153.022062,-27.492969,0
                153.022085,-27.492854,0
                153.022115,-27.492701,0
                153.022133,-27.492611,0
                153.022142,-27.492567,0
                153.022151,-27.492522,0
                153.022169,-27.492432,0
                153.022178,-27.492386,0
                153.022196,-27.492298,0
                153.02222,-27.492177,0
                153.02224,-27.492075,0
                153.022267,-27.491941,0
                153.022285,-27.491853,0
                153.022294,-27.491807,0
                153.022312,-27.491717,0
                153.02233,-27.491628,0
                153.022179,-27.491605,0
                153.022168,-27.491603,0
                153.022013,-27.491579,0
                153.021893,-27.49156,0
                153.021829,-27.49155,0
                153.021747,-27.491538,0
                153.021729,-27.491535,0
                153.021628,-27.491519,0
                153.021528,-27.491504,0
                153.021506,-27.4915,0
                153.021428,-27.491488,0
                153.021386,-27.491481,0
                153.021328,-27.491472,0
                153.021265,-27.491463,0
                153.021228,-27.491457,0
                153.021145,-27.491444,0
                153.021132,-27.491442,0
                153.021127,-27.491443,0
                153.02102,-27.49146,0
                153.020914,-27.491477,0
                153.020848,-27.491487,0
                153.020807,-27.491493,0
                153.020706,-27.491509,0
                153.020702,-27.491505,0
                153.020637,-27.491441,0
                153.020568,-27.491374,0
                153.020499,-27.491306,0
                153.02043,-27.491238,0
                153.020517,-27.491156,0
                153.020682,-27.49095,0
                153.020648,-27.49092,0
                153.020681,-27.490727,0
                153.02108,-27.490789,0
                153.021149,-27.4908,0
                153.021176,-27.490666,0
                153.021203,-27.490531,0
                153.021303,-27.490547,0
                153.021403,-27.490563,0
                153.021504,-27.490578,0
                153.02153,-27.490582,0
                153.021604,-27.490594,0
                153.021704,-27.490609,0
                153.021731,-27.490613,0
                153.021804,-27.490625,0
                153.021905,-27.49064,0
                153.022005,-27.490656,0
                153.022105,-27.490671,0
                153.022206,-27.490687,0
                153.022306,-27.490703,0
                153.022407,-27.490718,0
                153.022507,-27.490734,0
                153.022607,-27.490749,0
                153.022653,-27.490756,0
                153.022708,-27.490765,0
                153.022808,-27.49078,0
                153.022909,-27.490796,0
                153.023009,-27.490812,0
                153.023109,-27.490827,0
                153.02321,-27.490843,0
                153.02331,-27.490858,0
                153.023345,-27.490679,0
                153.023547,-27.490711,0
                153.023564,-27.490621,0
                153.023582,-27.490532,0
                153.0236,-27.490442,0
                153.023618,-27.490353,0
                153.023654,-27.490173,0
                153.023453,-27.490142,0
                153.023471,-27.490052,0
                153.023489,-27.489962,0
                153.023507,-27.489872,0
                153.023525,-27.489782,0
                153.023543,-27.489692,0
                153.023561,-27.489602,0
                153.023579,-27.489512,0
                153.023597,-27.489422,0
                153.023615,-27.489332,0
                153.023633,-27.489242,0
                153.023651,-27.489152,0
                153.023669,-27.489061,0
                153.023687,-27.488971,0
                153.023705,-27.488881,0
                153.023806,-27.488897,0
                153.023819,-27.488829,0
                153.023898,-27.488842,0
                153.024061,-27.488757,0
                153.023953,-27.488634,0
                153.024055,-27.488563,0
                153.024285,-27.488598,0
                153.024556,-27.488639,0
                153.024863,-27.488685,0
                153.024984,-27.488703,0
                153.024863,-27.488503,0
                153.024661,-27.488248,0
                153.024507,-27.488344,0
                153.02446,-27.488285,0
                153.024414,-27.488226,0
                153.024309,-27.488094,0
                153.024289,-27.488005,0
                153.024254,-27.487849,0
                153.024201,-27.487617,0
                153.024254,-27.487584,0
                153.024173,-27.487481,0
                153.024171,-27.487298,0
                153.024197,-27.48708,0
                153.024216,-27.486915,0
                153.024155,-27.486839,0
                153.024108,-27.48678,0
                153.024061,-27.486721,0
                153.023913,-27.486812,0
                153.023823,-27.486811,0
                153.023797,-27.486828,0
                153.02378,-27.486807,0
                153.023733,-27.486747,0
                153.023686,-27.486688,0
                153.023639,-27.486628,0
                153.023592,-27.486569,0
                153.023813,-27.486432,0
                153.023825,-27.486425,0
                153.023836,-27.486418,0
                153.023753,-27.486312,0
                153.02367,-27.486206,0
                153.023587,-27.4861,0
                153.023504,-27.485994,0
                153.023421,-27.485888,0
                153.023338,-27.485782,0
                153.023561,-27.485644,0
                153.023483,-27.485546,0
                153.023336,-27.485353,0
                153.022943,-27.485295,0
                153.022847,-27.48528,0
                153.022746,-27.485266,0
                153.022797,-27.48498,0
                153.022688,-27.484964,0
                153.022696,-27.484919,0
                153.022586,-27.484903,0
                153.022596,-27.484849,0
                153.02244,-27.484828,0
                153.022284,-27.484806,0
                153.022128,-27.484785,0
                153.021972,-27.484764,0
                153.021816,-27.484742,0
                153.02168,-27.484723,0
                153.02166,-27.484721,0
                153.02164,-27.484718,0
                153.021504,-27.484699,0
                153.021348,-27.484678,0
                153.021321,-27.484826,0
                153.021165,-27.484805,0
                153.021192,-27.484656,0
                153.021198,-27.48462,0
                153.021042,-27.484599,0
                153.021036,-27.484635,0
                153.02088,-27.484613,0
                153.020724,-27.484592,0
                153.020568,-27.48457,0
                153.020412,-27.484549,0
                153.020256,-27.484528,0
                153.0201,-27.484506,0
                153.020113,-27.484433,0
                153.020138,-27.484293,0
                153.020141,-27.484281,0
                153.020169,-27.484121,0
                153.019917,-27.484086,0
                153.019893,-27.483928,0
                153.019946,-27.483936,0
                153.019971,-27.483939,0
                153.020011,-27.483945,0
                153.020038,-27.483793,0
                153.020062,-27.483796,0
                153.020104,-27.483563,0
                153.019982,-27.483545,0
                153.020046,-27.483186,0
                153.019875,-27.483161,0
                153.019708,-27.482952,0
                153.019691,-27.482931,0
                153.019714,-27.482804,0
                153.019752,-27.48259,0
                153.019761,-27.482546,0
                153.019575,-27.482518,0
                153.01939,-27.48249,0
                153.019449,-27.482176,0
                153.019223,-27.482142,0
                153.018593,-27.482057,0
                153.01847,-27.482038,0
                153.018419,-27.482319,0
                153.018264,-27.482296,0
                153.018113,-27.482273,0
                153.017959,-27.48225,0
                153.017877,-27.482237,0
                153.017807,-27.482226,0
                153.017655,-27.482203,0
                153.017502,-27.48218,0
                153.017354,-27.482157,0
                153.017197,-27.482133,0
                153.017046,-27.48211,0
                153.016946,-27.482094,0
                153.016845,-27.482079,0
                153.016703,-27.482057,0
                153.016798,-27.481784,0
                153.016497,-27.481725,0
                153.016468,-27.481813,0
                153.016452,-27.481856,0
                153.016047,-27.481797,0
                153.016032,-27.48184,0
                153.016001,-27.481928,0
                153.01597,-27.482015,0
                153.015869,-27.482,0
                153.015767,-27.481986,0
                153.015675,-27.481972,0
                153.015564,-27.481956,0
                153.015688,-27.481606,0
                153.015485,-27.481576,0
                153.015474,-27.48139,0
                153.015001,-27.481319,0
                153.015048,-27.481294,0
                153.014994,-27.481214,0
                153.014943,-27.481138,0
                153.015007,-27.481103,0
                153.014795,-27.480793,0
                153.0149,-27.480736,0
                153.014983,-27.480691,0
                153.014991,-27.480687,0
                153.01485,-27.480551,0
                153.014689,-27.480638,0
                153.014582,-27.480483,0
                153.014475,-27.480327,0
                153.014377,-27.480381,0
                153.01428,-27.480434,0
                153.014226,-27.480356,0
                153.014173,-27.480278,0
                153.014066,-27.480123,0
                153.013959,-27.479968,0
                153.013853,-27.479812,0
                153.013799,-27.479735,0
                153.013746,-27.479657,0
                153.013692,-27.479579,0
                153.013665,-27.47954,0
                153.013639,-27.479502,0
                153.013737,-27.479449,0
                153.013835,-27.479396,0
                153.013781,-27.479317,0
                153.013976,-27.479211,0
                153.013838,-27.47901,0
                153.013782,-27.478997,0
                153.013689,-27.478793,0
                153.013545,-27.478584,0
                153.013414,-27.478655,0
                153.013284,-27.478726,0
                153.013215,-27.478625,0
                153.013085,-27.478696,0
                153.013032,-27.478618,0
                153.012978,-27.478541,0
                153.012765,-27.478231,0
                153.013157,-27.478019,0
                153.013244,-27.477971,0
                153.012926,-27.47751,0
                153.012805,-27.477334,0
                153.012587,-27.477312,0
                153.012534,-27.477304,0
                153.012484,-27.477573,0
                153.012383,-27.477558,0
                153.012433,-27.477289,0
                153.01245,-27.477196,0
                153.010771,-27.476951,0
                153.010686,-27.476876,0
                153.01061,-27.476945,0
                153.010358,-27.477169,0
                153.010286,-27.477105,0
                153.010215,-27.47704,0
                153.010341,-27.476928,0
                153.010197,-27.4768,0
                153.010323,-27.476687,0
                153.010157,-27.476579,0
                153.010157,-27.476528,0
                153.009825,-27.476233,0
                153.009573,-27.476458,0
                153.009537,-27.476426,0
                153.009501,-27.476394,0
                153.009429,-27.47633,0
                153.009357,-27.476266,0
                153.00944,-27.476191,0
                153.009524,-27.476116,0
                153.009608,-27.476041,0
                153.009435,-27.475887,0
                153.009407,-27.475873,0
                153.009375,-27.475873,0
                153.009348,-27.475887,0
                153.009188,-27.475773,0
                153.009186,-27.475771,0
                153.009027,-27.475913,0
                153.008584,-27.475516,0
                153.008447,-27.475637,0
                153.008401,-27.475678,0
                153.00838,-27.475678,0
                153.008382,-27.475343,0
                153.008228,-27.475204,0
                153.008583,-27.474888,0
                153.00848,-27.474748,0
                153.008086,-27.474398,0
                153.008097,-27.474389,0
                153.007942,-27.474252,0
                153.007877,-27.474194,0
                153.006998,-27.473413,0
                153.006716,-27.473603,0
                153.003911,-27.476061,0
                153.001707,-27.4785,0
                153.000608,-27.479302,0
                152.99971,-27.480611,0
                152.999042,-27.481587,0
                152.998137,-27.48302,0
                152.997094,-27.484593,0
                152.995998,-27.486248,0
                152.99574,-27.486882,0
                152.995725,-27.486918,0
                152.995305,-27.487949,0
                152.995772,-27.489337,0
                152.995825,-27.489496,0
                152.996526,-27.489913,0
                152.997385,-27.490423,0
                152.998161,-27.490801,0
                152.999609,-27.491156,0
                153.0019,-27.491446,0
                153.003217,-27.491389,0
                153.00551,-27.49129,0
                153.007959,-27.491141,0
                153.010271,-27.491001,0
                153.012594,-27.490884,0
                153.014461,-27.491405,0
                153.016681,-27.492777,0
                153.01887,-27.49446,0
              </coordinates>
            </LinearRing>
          </outerBoundaryIs>
        </Polygon>
      </Placemark>
      <Placemark>
        <name>Bulimba/Hawthorne/Balmoral</name>
        <description><![CDATA[description: <br>qld_loca_2: <br>lc_ply_pid: <br>dt_create: <br>dt_retire: <br>loc_pid: <br>qld_locali: <br>qld_loca_1: <br>qld_loca_3: <br>qld_loca_4: <br>qld_loca_5: <br>qld_loca_6: <br>qld_loca_7: ]]></description>
        <styleUrl>#line-9C27B0-1200</styleUrl>
        <ExtendedData>
          <Data name="description">
            <value/>
          </Data>
          <Data name="qld_loca_2">
            <value/>
          </Data>
          <Data name="lc_ply_pid">
            <value/>
          </Data>
          <Data name="dt_create">
            <value/>
          </Data>
          <Data name="dt_retire">
            <value/>
          </Data>
          <Data name="loc_pid">
            <value/>
          </Data>
          <Data name="qld_locali">
            <value/>
          </Data>
          <Data name="qld_loca_1">
            <value/>
          </Data>
          <Data name="qld_loca_3">
            <value/>
          </Data>
          <Data name="qld_loca_4">
            <value/>
          </Data>
          <Data name="qld_loca_5">
            <value/>
          </Data>
          <Data name="qld_loca_6">
            <value/>
          </Data>
          <Data name="qld_loca_7">
            <value/>
          </Data>
        </ExtendedData>
        <MultiGeometry>
          <LineString>
            <tessellate>1</tessellate>
            <coordinates>
              153.057935,-27.456862,0
              153.057948,-27.456794,0
              153.057959,-27.456732,0
              153.057948,-27.456794,0
              153.057935,-27.456862,0
            </coordinates>
          </LineString>
          <Polygon>
            <outerBoundaryIs>
              <LinearRing>
                <tessellate>1</tessellate>
                <coordinates>
                  153.055872,-27.469798,0
                  153.057458,-27.469802,0
                  153.057513,-27.46981,0
                  153.057617,-27.469825,0
                  153.05772,-27.469827,0
                  153.057715,-27.469867,0
                  153.057825,-27.470113,0
                  153.057898,-27.470277,0
                  153.057899,-27.470311,0
                  153.057889,-27.470405,0
                  153.058212,-27.470454,0
                  153.05822,-27.470621,0
                  153.058222,-27.470671,0
                  153.05824,-27.47073,0
                  153.058324,-27.470743,0
                  153.058331,-27.470837,0
                  153.058339,-27.470933,0
                  153.058219,-27.470915,0
                  153.058179,-27.470908,0
                  153.058256,-27.471013,0
                  153.058263,-27.471021,0
                  153.05833,-27.471112,0
                  153.058353,-27.471115,0
                  153.058298,-27.471291,0
                  153.058267,-27.471388,0
                  153.058254,-27.471432,0
                  153.05824,-27.471475,0
                  153.058232,-27.471502,0
                  153.058513,-27.471543,0
                  153.05848,-27.471722,0
                  153.058447,-27.471902,0
                  153.058472,-27.471905,0
                  153.058461,-27.471996,0
                  153.05845,-27.472086,0
                  153.058333,-27.472069,0
                  153.058313,-27.472173,0
                  153.05807,-27.472135,0
                  153.05807,-27.47227,0
                  153.05807,-27.472361,0
                  153.058069,-27.472452,0
                  153.058069,-27.472542,0
                  153.058069,-27.472612,0
                  153.05811,-27.472604,0
                  153.058109,-27.472961,0
                  153.058129,-27.472952,0
                  153.058394,-27.472838,0
                  153.058541,-27.472775,0
                  153.058715,-27.4727,0
                  153.058917,-27.472613,0
                  153.059137,-27.472518,0
                  153.059365,-27.472403,0
                  153.059483,-27.472438,0
                  153.059756,-27.472473,0
                  153.060058,-27.472291,0
                  153.060132,-27.472246,0
                  153.060206,-27.472201,0
                  153.060376,-27.472099,0
                  153.060482,-27.472035,0
                  153.060468,-27.472257,0
                  153.06061,-27.472264,0
                  153.060616,-27.472171,0
                  153.060718,-27.472176,0
                  153.06082,-27.472181,0
                  153.06086,-27.472183,0
                  153.06087,-27.47218,0
                  153.060969,-27.472156,0
                  153.061015,-27.472144,0
                  153.061028,-27.472141,0
                  153.061068,-27.472131,0
                  153.061167,-27.472107,0
                  153.061258,-27.472084,0
                  153.061365,-27.472058,0
                  153.061464,-27.472033,0
                  153.061501,-27.472024,0
                  153.061563,-27.472009,0
                  153.061638,-27.47199,0
                  153.061662,-27.471984,0
                  153.061761,-27.471959,0
                  153.061774,-27.471956,0
                  153.06186,-27.471935,0
                  153.06191,-27.471922,0
                  153.061959,-27.47191,0
                  153.061958,-27.471909,0
                  153.062036,-27.471885,0
                  153.062045,-27.471882,0
                  153.062131,-27.471852,0
                  153.062226,-27.47182,0
                  153.062296,-27.471797,0
                  153.062321,-27.471788,0
                  153.062416,-27.471756,0
                  153.062499,-27.471728,0
                  153.06251,-27.471718,0
                  153.062589,-27.471646,0
                  153.06265,-27.471591,0
                  153.062668,-27.471574,0
                  153.062748,-27.471502,0
                  153.06279,-27.471464,0
                  153.062795,-27.47146,0
                  153.0629,-27.471365,0
                  153.062947,-27.471322,0
                  153.062997,-27.471276,0
                  153.063004,-27.47127,0
                  153.063035,-27.471242,0
                  153.063035,-27.47119,0
                  153.063035,-27.471181,0
                  153.063035,-27.471092,0
                  153.063035,-27.471068,0
                  153.063035,-27.471002,0
                  153.063035,-27.470913,0
                  153.063035,-27.470824,0
                  153.063035,-27.470732,0
                  153.063035,-27.47064,0
                  153.063035,-27.470546,0
                  153.063442,-27.47055,0
                  153.063442,-27.470354,0
                  153.0633,-27.470302,0
                  153.063702,-27.469915,0
                  153.063795,-27.469535,0
                  153.064005,-27.469567,0
                  153.064116,-27.469503,0
                  153.064205,-27.469452,0
                  153.064291,-27.469402,0
                  153.064088,-27.469085,0
                  153.064183,-27.469033,0
                  153.064371,-27.469345,0
                  153.0644,-27.469339,0
                  153.064711,-27.469159,0
                  153.064787,-27.468982,0
                  153.064691,-27.468954,0
                  153.064522,-27.468904,0
                  153.0645,-27.468898,0
                  153.064534,-27.468812,0
                  153.06457,-27.468725,0
                  153.064615,-27.468614,0
                  153.064623,-27.468595,0
                  153.064591,-27.468586,0
                  153.064605,-27.468549,0
                  153.064281,-27.468456,0
                  153.064371,-27.468291,0
                  153.064753,-27.468401,0
                  153.064776,-27.46828,0
                  153.064779,-27.468264,0
                  153.064799,-27.468159,0
                  153.064802,-27.468141,0
                  153.064821,-27.468042,0
                  153.064843,-27.467924,0
                  153.064866,-27.467802,0
                  153.064889,-27.46768,0
                  153.064917,-27.467495,0
                  153.064946,-27.467335,0
                  153.064966,-27.467228,0
                  153.065066,-27.467243,0
                  153.065091,-27.467111,0
                  153.065119,-27.466964,0
                  153.065151,-27.466795,0
                  153.06505,-27.46678,0
                  153.064535,-27.466703,0
                  153.064586,-27.466527,0
                  153.064877,-27.46657,0
                  153.064898,-27.466459,0
                  153.064926,-27.466307,0
                  153.064959,-27.466126,0
                  153.064921,-27.46612,0
                  153.064787,-27.466101,0
                  153.064824,-27.465892,0
                  153.064855,-27.465716,0
                  153.064523,-27.465693,0
                  153.064401,-27.465533,0
                  153.064757,-27.465587,0
                  153.06476,-27.465571,0
                  153.064781,-27.465456,0
                  153.064805,-27.465325,0
                  153.064829,-27.465195,0
                  153.064698,-27.465175,0
                  153.064724,-27.46504,0
                  153.06469,-27.464893,0
                  153.064664,-27.464787,0
                  153.064658,-27.464758,0
                  153.064213,-27.464691,0
                  153.064232,-27.464602,0
                  153.064454,-27.464636,0
                  153.064507,-27.464356,0
                  153.064538,-27.464194,0
                  153.06471,-27.46422,0
                  153.064735,-27.464079,0
                  153.064531,-27.46405,0
                  153.064332,-27.464021,0
                  153.064164,-27.463996,0
                  153.064189,-27.463862,0
                  153.064209,-27.463865,0
                  153.064223,-27.463789,0
                  153.064036,-27.463761,0
                  153.063961,-27.463566,0
                  153.064373,-27.463627,0
                  153.064349,-27.463532,0
                  153.064303,-27.463342,0
                  153.064279,-27.463247,0
                  153.064302,-27.463251,0
                  153.064335,-27.463072,0
                  153.063835,-27.462997,0
                  153.063623,-27.462959,0
                  153.062836,-27.462845,0
                  153.062851,-27.462761,0
                  153.062868,-27.46267,0
                  153.062884,-27.46258,0
                  153.062892,-27.462535,0
                  153.0629,-27.462489,0
                  153.063002,-27.462504,0
                  153.063018,-27.462414,0
                  153.063035,-27.462323,0
                  153.063068,-27.462143,0
                  153.063389,-27.462189,0
                  153.063422,-27.4622,0
                  153.063393,-27.461978,0
                  153.063374,-27.461995,0
                  153.063348,-27.461999,0
                  153.063279,-27.461989,0
                  153.063184,-27.461975,0
                  153.063088,-27.461961,0
                  153.062992,-27.461947,0
                  153.062896,-27.461933,0
                  153.062928,-27.461754,0
                  153.062945,-27.461665,0
                  153.062961,-27.461575,0
                  153.062994,-27.461396,0
                  153.062692,-27.461352,0
                  153.062716,-27.461221,0
                  153.062724,-27.461176,0
                  153.062714,-27.461175,0
                  153.062728,-27.461101,0
                  153.062742,-27.461021,0
                  153.062754,-27.460957,0
                  153.062759,-27.460931,0
                  153.062793,-27.46074,0
                  153.063086,-27.460782,0
                  153.063045,-27.460593,0
                  153.062638,-27.460532,0
                  153.062708,-27.46016,0
                  153.062715,-27.460123,0
                  153.062736,-27.460009,0
                  153.062769,-27.459833,0
                  153.062795,-27.459692,0
                  153.063007,-27.459723,0
                  153.063061,-27.459546,0
                  153.062949,-27.45953,0
                  153.062835,-27.459514,0
                  153.062862,-27.45937,0
                  153.062902,-27.459155,0
                  153.062587,-27.45911,0
                  153.062466,-27.459092,0
                  153.062398,-27.459083,0
                  153.062355,-27.459076,0
                  153.062288,-27.459067,0
                  153.062245,-27.459061,0
                  153.062153,-27.459047,0
                  153.062145,-27.459046,0
                  153.062078,-27.459404,0
                  153.061877,-27.459375,0
                  153.061758,-27.459358,0
                  153.061825,-27.459,0
                  153.061716,-27.458984,0
                  153.061608,-27.458968,0
                  153.061499,-27.458953,0
                  153.061516,-27.458863,0
                  153.061532,-27.458772,0
                  153.061549,-27.458682,0
                  153.061582,-27.458502,0
                  153.061599,-27.458412,0
                  153.061616,-27.458322,0
                  153.061632,-27.458231,0
                  153.061649,-27.458141,0
                  153.061666,-27.458051,0
                  153.061683,-27.457961,0
                  153.061699,-27.457871,0
                  153.061716,-27.457781,0
                  153.061733,-27.45769,0
                  153.061749,-27.4576,0
                  153.061766,-27.45751,0
                  153.061782,-27.457424,0
                  153.061798,-27.457337,0
                  153.061814,-27.45725,0
                  153.06183,-27.457164,0
                  153.061846,-27.457077,0
                  153.061847,-27.457073,0
                  153.061857,-27.457019,0
                  153.061862,-27.456991,0
                  153.061878,-27.456904,0
                  153.061886,-27.456861,0
                  153.061697,-27.456833,0
                  153.061467,-27.456799,0
                  153.061484,-27.456705,0
                  153.061531,-27.456675,0
                  153.061544,-27.456585,0
                  153.061557,-27.456495,0
                  153.061732,-27.456521,0
                  153.061758,-27.456388,0
                  153.061781,-27.456264,0
                  153.061836,-27.456272,0
                  153.061853,-27.456274,0
                  153.061918,-27.456284,0
                  153.061996,-27.456295,0
                  153.062012,-27.45621,0
                  153.062028,-27.456124,0
                  153.062043,-27.456046,0
                  153.06206,-27.455953,0
                  153.062076,-27.455867,0
                  153.062086,-27.455819,0
                  153.062093,-27.455779,0
                  153.06211,-27.455691,0
                  153.062126,-27.455603,0
                  153.062143,-27.455515,0
                  153.062159,-27.455427,0
                  153.062176,-27.455339,0
                  153.062192,-27.455251,0
                  153.062217,-27.455119,0
                  153.062232,-27.455041,0
                  153.062241,-27.454987,0
                  153.062257,-27.454897,0
                  153.062262,-27.454867,0
                  153.062273,-27.454808,0
                  153.062283,-27.454748,0
                  153.062304,-27.454628,0
                  153.062335,-27.454449,0
                  153.062349,-27.454371,0
                  153.062366,-27.454269,0
                  153.062382,-27.454179,0
                  153.062386,-27.454157,0
                  153.062397,-27.45409,0
                  153.062405,-27.454045,0
                  153.062413,-27.454,0
                  153.062425,-27.453933,0
                  153.062429,-27.45391,0
                  153.062444,-27.45382,0
                  153.062458,-27.453744,0
                  153.062352,-27.453728,0
                  153.062195,-27.453704,0
                  153.062115,-27.453692,0
                  153.062075,-27.453579,0
                  153.062477,-27.453641,0
                  153.062473,-27.453539,0
                  153.062469,-27.453436,0
                  153.062465,-27.453332,0
                  153.062461,-27.453215,0
                  153.062456,-27.453098,0
                  153.062451,-27.452949,0
                  153.062444,-27.45279,0
                  153.062233,-27.452757,0
                  153.062269,-27.452566,0
                  153.062595,-27.452616,0
                  153.062601,-27.452617,0
                  153.062542,-27.452384,0
                  153.062528,-27.452331,0
                  153.062481,-27.452153,0
                  153.062696,-27.452178,0
                  153.062833,-27.452704,0
                  153.063952,-27.452971,0
                  153.064502,-27.4531,0
                  153.065066,-27.453232,0
                  153.065212,-27.452362,0
                  153.065165,-27.452304,0
                  153.065205,-27.452214,0
                  153.064765,-27.452147,0
                  153.064464,-27.452103,0
                  153.062672,-27.45183,0
                  153.06275,-27.451757,0
                  153.062715,-27.451732,0
                  153.062711,-27.45171,0
                  153.062729,-27.451691,0
                  153.062746,-27.451677,0
                  153.062779,-27.451655,0
                  153.062811,-27.451636,0
                  153.062885,-27.451598,0
                  153.062984,-27.451547,0
                  153.062982,-27.451543,0
                  153.063097,-27.451479,0
                  153.063438,-27.451532,0
                  153.063563,-27.451552,0
                  153.063717,-27.451576,0
                  153.063743,-27.451442,0
                  153.063824,-27.451454,0
                  153.063984,-27.451478,0
                  153.064125,-27.451499,0
                  153.064132,-27.451462,0
                  153.064134,-27.451453,0
                  153.064152,-27.451355,0
                  153.064178,-27.45122,0
                  153.064207,-27.451068,0
                  153.064408,-27.451098,0
                  153.064442,-27.450919,0
                  153.064523,-27.450931,0
                  153.064536,-27.450904,0
                  153.064499,-27.450891,0
                  153.064567,-27.450737,0
                  153.064772,-27.450811,0
                  153.064813,-27.450597,0
                  153.064889,-27.450197,0
                  153.065034,-27.449974,0
                  153.065135,-27.449989,0
                  153.065164,-27.44996,0
                  153.065298,-27.449923,0
                  153.065399,-27.449932,0
                  153.06535,-27.450205,0
                  153.065598,-27.450242,0
                  153.065652,-27.449956,0
                  153.065817,-27.449979,0
                  153.066415,-27.450064,0
                  153.066348,-27.450436,0
                  153.066573,-27.45047,0
                  153.066787,-27.450499,0
                  153.066781,-27.450533,0
                  153.066981,-27.450564,0
                  153.066997,-27.450479,0
                  153.067013,-27.450394,0
                  153.067029,-27.45031,0
                  153.067048,-27.450205,0
                  153.067271,-27.450121,0
                  153.067202,-27.450489,0
                  153.067339,-27.45051,0
                  153.067488,-27.450533,0
                  153.067636,-27.450556,0
                  153.06762,-27.450645,0
                  153.067605,-27.450727,0
                  153.067806,-27.450759,0
                  153.067822,-27.450676,0
                  153.067922,-27.450692,0
                  153.068022,-27.450707,0
                  153.068122,-27.450723,0
                  153.068223,-27.450738,0
                  153.068323,-27.450753,0
                  153.068423,-27.450769,0
                  153.068523,-27.450784,0
                  153.068548,-27.450651,0
                  153.068708,-27.450667,0
                  153.069055,-27.450702,0
                  153.069062,-27.450668,0
                  153.069119,-27.450362,0
                  153.069115,-27.450344,0
                  153.069081,-27.45032,0
                  153.069093,-27.450212,0
                  153.069697,-27.450409,0
                  153.070274,-27.450638,0
                  153.070572,-27.450756,0
                  153.070617,-27.450657,0
                  153.070626,-27.450612,0
                  153.070786,-27.449774,0
                  153.070855,-27.449414,0
                  153.070965,-27.448841,0
                  153.071154,-27.448929,0
                  153.071612,-27.44648,0
                  153.071789,-27.445532,0
                  153.072075,-27.444006,0
                  153.068971,-27.443101,0
                  153.064004,-27.441654,0
                  153.060474,-27.441284,0
                  153.058903,-27.441127,0
                  153.05706,-27.440944,0
                  153.055011,-27.44074,0
                  153.052589,-27.440908,0
                  153.051797,-27.441117,0
                  153.050738,-27.441579,0
                  153.049751,-27.44226,0
                  153.049604,-27.442412,0
                  153.04908,-27.442958,0
                  153.04869,-27.443714,0
                  153.048539,-27.444625,0
                  153.048778,-27.44573,0
                  153.050171,-27.449444,0
                  153.050824,-27.451183,0
                  153.051941,-27.454828,0
                  153.052103,-27.456312,0
                  153.052437,-27.461104,0
                  153.052522,-27.462038,0
                  153.052585,-27.46273,0
                  153.053198,-27.463954,0
                  153.054333,-27.465467,0
                  153.055594,-27.467189,0
                  153.055993,-27.468352,0
                  153.055872,-27.469798,0
                </coordinates>
              </LinearRing>
            </outerBoundaryIs>
          </Polygon>
        </MultiGeometry>
      </Placemark>
      <Placemark>
        <name>Woolloongabba/East Brisbane</name>
        <description><![CDATA[description: <br>qld_loca_2: <br>lc_ply_pid: <br>dt_create: <br>dt_retire: <br>loc_pid: <br>qld_locali: <br>qld_loca_1: <br>qld_loca_3: <br>qld_loca_4: <br>qld_loca_5: <br>qld_loca_6: <br>qld_loca_7: ]]></description>
        <styleUrl>#poly-9C27B0-1200-77</styleUrl>
        <ExtendedData>
          <Data name="description">
            <value/>
          </Data>
          <Data name="qld_loca_2">
            <value/>
          </Data>
          <Data name="lc_ply_pid">
            <value/>
          </Data>
          <Data name="dt_create">
            <value/>
          </Data>
          <Data name="dt_retire">
            <value/>
          </Data>
          <Data name="loc_pid">
            <value/>
          </Data>
          <Data name="qld_locali">
            <value/>
          </Data>
          <Data name="qld_loca_1">
            <value/>
          </Data>
          <Data name="qld_loca_3">
            <value/>
          </Data>
          <Data name="qld_loca_4">
            <value/>
          </Data>
          <Data name="qld_loca_5">
            <value/>
          </Data>
          <Data name="qld_loca_6">
            <value/>
          </Data>
          <Data name="qld_loca_7">
            <value/>
          </Data>
        </ExtendedData>
        <MultiGeometry>
          <Polygon>
            <outerBoundaryIs>
              <LinearRing>
                <tessellate>1</tessellate>
                <coordinates>
                  153.0323255,-27.4961995,0
                  153.0323105,-27.496205,0
                  153.0321335,-27.496292,0
                  153.0319825,-27.496377,0
                  153.0320895,-27.496409,0
                  153.0321995,-27.496431,0
                  153.0322535,-27.496438,0
                  153.0322745,-27.496322,0
                  153.0323246,-27.496329,0
                  153.0323255,-27.4961995,0
                </coordinates>
              </LinearRing>
            </outerBoundaryIs>
          </Polygon>
          <Polygon>
            <outerBoundaryIs>
              <LinearRing>
                <tessellate>1</tessellate>
                <coordinates>
                  153.0323205,-27.4969438,0
                  153.0323295,-27.496936,0
                  153.0324815,-27.49682,0
                  153.0326745,-27.496674,0
                  153.0328303,-27.496579,0
                  153.0328373,-27.4965259,0
                  153.0327585,-27.496515,0
                  153.0326435,-27.496471,0
                  153.0325445,-27.496457,0
                  153.0325605,-27.496362,0
                  153.0323246,-27.496329,0
                  153.0323205,-27.4969438,0
                </coordinates>
              </LinearRing>
            </outerBoundaryIs>
          </Polygon>
          <Polygon>
            <outerBoundaryIs>
              <LinearRing>
                <tessellate>1</tessellate>
                <coordinates>
                  153.0298265,-27.500314,0
                  153.0296255,-27.500286,0
                  153.0294665,-27.5002634,0
                  153.0343868,-27.5024423,0
                  153.0319683,-27.500615,0
                  153.0298265,-27.500314,0
                </coordinates>
              </LinearRing>
            </outerBoundaryIs>
          </Polygon>
          <Polygon>
            <outerBoundaryIs>
              <LinearRing>
                <tessellate>1</tessellate>
                <coordinates>
                  153.0291405,-27.500119,0
                  153.0291005,-27.500114,0
                  153.0290495,-27.500204,0
                  153.0293445,-27.500246,0
                  153.0294665,-27.5002634,0
                  153.0291405,-27.500119,0
                </coordinates>
              </LinearRing>
            </outerBoundaryIs>
          </Polygon>
          <Polygon>
            <outerBoundaryIs>
              <LinearRing>
                <tessellate>1</tessellate>
                <coordinates>
                  153.0319683,-27.500615,0
                  153.0322955,-27.500661,0
                  153.0323205,-27.4969438,0
                  153.0322195,-27.497031,0
                  153.0321935,-27.497054,0
                  153.0321485,-27.497093,0
                  153.0319645,-27.497292,0
                  153.0318295,-27.497439,0
                  153.0317475,-27.497528,0
                  153.0317555,-27.497534,0
                  153.0317845,-27.497556,0
                  153.0315945,-27.497911,0
                  153.0314955,-27.498069,0
                  153.0313845,-27.498222,0
                  153.0313385,-27.498271,0
                  153.0312675,-27.498347,0
                  153.0311375,-27.498463,0
                  153.0309985,-27.498555,0
                  153.0303455,-27.498949,0
                  153.0300705,-27.499115,0
                  153.0300455,-27.49913,0
                  153.0300215,-27.499144,0
                  153.0319683,-27.500615,0
                </coordinates>
              </LinearRing>
            </outerBoundaryIs>
          </Polygon>
          <Polygon>
            <outerBoundaryIs>
              <LinearRing>
                <tessellate>1</tessellate>
                <coordinates>
                  153.0323255,-27.4961995,0
                  153.0324975,-27.496136,0
                  153.0326925,-27.496087,0
                  153.0328925,-27.496057,0
                  153.0328988,-27.4960567,0
                  153.0328373,-27.4965259,0
                  153.0329025,-27.496535,0
                  153.0328303,-27.496579,0
                  153.0325723,-27.5007886,0
                  153.0336462,-27.5009348,0
                  153.0349765,-27.501039,0
                  153.0354795,-27.501144,0
                  153.0360595,-27.501246,0
                  153.0363055,-27.501283,0
                  153.0370575,-27.501399,0
                  153.0373155,-27.501432,0
                  153.0376125,-27.501476,0
                  153.0380685,-27.501544,0
                  153.0382695,-27.501574,0
                  153.0385755,-27.501619,0
                  153.0388225,-27.501656,0
                  153.0390425,-27.501688,0
                  153.0392735,-27.501723,0
                  153.0392895,-27.501633,0
                  153.0400985,-27.501753,0
                  153.0401655,-27.501763,0
                  153.0402245,-27.501772,0
                  153.0402995,-27.501783,0
                  153.0404415,-27.501804,0
                  153.0405185,-27.501382,0
                  153.0406195,-27.501398,0
                  153.0407195,-27.501414,0
                  153.0408205,-27.501429,0
                  153.0409215,-27.501445,0
                  153.0410215,-27.501461,0
                  153.0411225,-27.501476,0
                  153.0410465,-27.501894,0
                  153.0412475,-27.501924,0
                  153.0412825,-27.501731,0
                  153.0414855,-27.501761,0
                  153.0416885,-27.501791,0
                  153.0418875,-27.501821,0
                  153.0419035,-27.501731,0
                  153.0419205,-27.501642,0
                  153.0419245,-27.501615,0
                  153.0419275,-27.501604,0
                  153.0419535,-27.501463,0
                  153.0419695,-27.501373,0
                  153.0420025,-27.501195,0
                  153.0420345,-27.501016,0
                  153.0414295,-27.500924,0
                  153.0414575,-27.500772,0
                  153.0414735,-27.500683,0
                  153.0414905,-27.500593,0
                  153.0415065,-27.500503,0
                  153.0415235,-27.500414,0
                  153.0415395,-27.500324,0
                  153.0415555,-27.500234,0
                  153.0415715,-27.500148,0
                  153.0415815,-27.500095,0
                  153.0415875,-27.500062,0
                  153.0416045,-27.499969,0
                  153.0416215,-27.499879,0
                  153.0416375,-27.49979,0
                  153.0416535,-27.4997,0
                  153.0416705,-27.499611,0
                  153.0416865,-27.499522,0
                  153.0417025,-27.499433,0
                  153.0419425,-27.499468,0
                  153.0419595,-27.499378,0
                  153.0421425,-27.499405,0
                  153.0421605,-27.499316,0
                  153.0421205,-27.49931,0
                  153.0421385,-27.49922,0
                  153.0417525,-27.499164,0
                  153.0417625,-27.499109,0
                  153.0417685,-27.499075,0
                  153.0417855,-27.498985,0
                  153.0417955,-27.49893,0
                  153.0418015,-27.498896,0
                  153.0418175,-27.498806,0
                  153.0418345,-27.498717,0
                  153.0418505,-27.498628,0
                  153.0418665,-27.498541,0
                  153.0418905,-27.498411,0
                  153.0419365,-27.498161,0
                  153.0419385,-27.498146,0
                  153.0420515,-27.498163,0
                  153.0421635,-27.49818,0
                  153.0422765,-27.498197,0
                  153.0423885,-27.498214,0
                  153.0425015,-27.498231,0
                  153.0426515,-27.497987,0
                  153.0427635,-27.498017,0
                  153.0428565,-27.497836,0
                  153.0428855,-27.497808,0
                  153.0429935,-27.497701,0
                  153.0431015,-27.497585,0
                  153.0432265,-27.497548,0
                  153.0434195,-27.497494,0
                  153.0435225,-27.497469,0
                  153.0447035,-27.497216,0
                  153.0467905,-27.496759,0
                  153.0470255,-27.496611,0
                  153.0471455,-27.496541,0
                  153.0475945,-27.49618,0
                  153.0476265,-27.49615,0
                  153.0476795,-27.496066,0
                  153.0477305,-27.495982,0
                  153.0477665,-27.495896,0
                  153.0478415,-27.495713,0
                  153.0479195,-27.495367,0
                  153.0479555,-27.495152,0
                  153.0479655,-27.495056,0
                  153.0479645,-27.494883,0
                  153.0479575,-27.494819,0
                  153.0479495,-27.494726,0
                  153.0479315,-27.494631,0
                  153.0479155,-27.49458,0
                  153.0478425,-27.494336,0
                  153.0478035,-27.494323,0
                  153.0477715,-27.4943,0
                  153.0477475,-27.494278,0
                  153.0477165,-27.494251,0
                  153.0476985,-27.49421,0
                  153.0476845,-27.494168,0
                  153.0476795,-27.494122,0
                  153.0476695,-27.49406,0
                  153.0477035,-27.49381,0
                  153.0479015,-27.493469,0
                  153.0479095,-27.49329,0
                  153.0478115,-27.492783,0
                  153.0477755,-27.492465,0
                  153.0478235,-27.492197,0
                  153.0479515,-27.491942,0
                  153.0481585,-27.491668,0
                  153.0485215,-27.491404,0
                  153.0491505,-27.49104,0
                  153.0495675,-27.490804,0
                  153.0497825,-27.490697,0
                  153.0500225,-27.490598,0
                  153.0502155,-27.490303,0
                  153.0503185,-27.490146,0
                  153.0504785,-27.489902,0
                  153.0505735,-27.489702,0
                  153.0505995,-27.489624,0
                  153.0507765,-27.489065,0
                  153.0508175,-27.488888,0
                  153.0508995,-27.488509,0
                  153.0509265,-27.488077,0
                  153.0509835,-27.487786,0
                  153.0510675,-27.487602,0
                  153.0511325,-27.487269,0
                  153.0511635,-27.486939,0
                  153.0511355,-27.486725,0
                  153.0510785,-27.485973,0
                  153.0511495,-27.485798,0
                  153.0512535,-27.485639,0
                  153.0514255,-27.485441,0
                  153.0516035,-27.485245,0
                  153.0517005,-27.485091,0
                  153.0517945,-27.484938,0
                  153.0518695,-27.484756,0
                  153.0519725,-27.484426,0
                  153.0520985,-27.484058,0
                  153.0523325,-27.483518,0
                  153.0525455,-27.482916,0
                  153.0526695,-27.482826,0
                  153.0529285,-27.482712,0
                  153.0534145,-27.482756,0
                  153.0539635,-27.482861,0
                  153.0551515,-27.483208,0
                  153.0563785,-27.483587,0
                  153.0566005,-27.483622,0
                  153.0567335,-27.483582,0
                  153.0568665,-27.483468,0
                  153.0569555,-27.48329,0
                  153.0569715,-27.482998,0
                  153.0568685,-27.482584,0
                  153.0567825,-27.482221,0
                  153.0567435,-27.481859,0
                  153.0567715,-27.481533,0
                  153.0568495,-27.481369,0
                  153.0571835,-27.480859,0
                  153.0572815,-27.480709,0
                  153.0573145,-27.480488,0
                  153.0572955,-27.480226,0
                  153.0572795,-27.480131,0
                  153.0572385,-27.479935,0
                  153.0571255,-27.47976,0
                  153.0569595,-27.47966,0
                  153.0567185,-27.479589,0
                  153.0566745,-27.479591,0
                  153.0565705,-27.479591,0
                  153.0564685,-27.479609,0
                  153.0562725,-27.479705,0
                  153.0559705,-27.479879,0
                  153.0557365,-27.480012,0
                  153.0555465,-27.480075,0
                  153.0549785,-27.480265,0
                  153.0545605,-27.480483,0
                  153.0542685,-27.480706,0
                  153.0541585,-27.480865,0
                  153.0539305,-27.48114,0
                  153.0538895,-27.481201,0
                  153.0536735,-27.481415,0
                  153.0534215,-27.481581,0
                  153.0532855,-27.481685,0
                  153.0531165,-27.481759,0
                  153.0529505,-27.481722,0
                  153.0528615,-27.481637,0
                  153.0527905,-27.481436,0
                  153.0527925,-27.481201,0
                  153.0528075,-27.480963,0
                  153.0528285,-27.480706,0
                  153.0528225,-27.480513,0
                  153.0528905,-27.480145,0
                  153.0529795,-27.47992,0
                  153.0531735,-27.479607,0
                  153.0532765,-27.479477,0
                  153.0534725,-27.479308,0
                  153.0536595,-27.479141,0
                  153.0538815,-27.478964,0
                  153.0541445,-27.478743,0
                  153.0542875,-27.478579,0
                  153.0543965,-27.478402,0
                  153.0544475,-27.478246,0
                  153.0544265,-27.478058,0
                  153.0543255,-27.477859,0
                  153.0540995,-27.477605,0
                  153.0539745,-27.477501,0
                  153.0538635,-27.47738,0
                  153.0537575,-27.47726,0
                  153.0536045,-27.47715,0
                  153.0534345,-27.477019,0
                  153.0531645,-27.476857,0
                  153.0528115,-27.476726,0
                  153.0523955,-27.476642,0
                  153.0520725,-27.476632,0
                  153.0519665,-27.476684,0
                  153.0518025,-27.476779,0
                  153.0516675,-27.476878,0
                  153.0515115,-27.477072,0
                  153.0514865,-27.477131,0
                  153.0514515,-27.477259,0
                  153.0514125,-27.477422,0
                  153.0513865,-27.477584,0
                  153.0513755,-27.477814,0
                  153.0513285,-27.478,0
                  153.0512625,-27.478273,0
                  153.0512335,-27.478352,0
                  153.0512245,-27.47843,0
                  153.0511745,-27.478559,0
                  153.0510745,-27.478711,0
                  153.0510455,-27.478805,0
                  153.0510225,-27.478857,0
                  153.0509395,-27.478905,0
                  153.0507935,-27.478978,0
                  153.0505675,-27.479054,0
                  153.0503585,-27.479146,0
                  153.0500695,-27.479277,0
                  153.0498845,-27.479324,0
                  153.0497235,-27.479319,0
                  153.0495145,-27.479284,0
                  153.0494285,-27.47926,0
                  153.0493735,-27.479183,0
                  153.0493685,-27.479075,0
                  153.0492815,-27.478849,0
                  153.0492565,-27.478677,0
                  153.0492665,-27.478537,0
                  153.0493325,-27.478406,0
                  153.0493875,-27.47832,0
                  153.0494585,-27.478279,0
                  153.0495645,-27.478118,0
                  153.0497565,-27.477852,0
                  153.0498535,-27.477671,0
                  153.0498985,-27.477535,0
                  153.0499185,-27.477427,0
                  153.0499845,-27.477282,0
                  153.0500045,-27.477151,0
                  153.0500505,-27.477038,0
                  153.0500905,-27.476889,0
                  153.0501415,-27.476645,0
                  153.0501685,-27.476285,0
                  153.0500515,-27.474947,0
                  153.0466445,-27.476488,0
                  153.0457435,-27.476793,0
                  153.0446615,-27.476811,0
                  153.0433995,-27.476471,0
                  153.0420865,-27.475516,0
                  153.0417765,-27.476496,0
                  153.0417635,-27.476562,0
                  153.0417355,-27.47671,0
                  153.0414975,-27.476935,0
                  153.0414815,-27.47695,0
                  153.0413625,-27.477062,0
                  153.0411765,-27.477237,0
                  153.0415265,-27.477529,0
                  153.0414855,-27.477746,0
                  153.0415055,-27.477769,0
                  153.0415175,-27.477801,0
                  153.0415175,-27.477834,0
                  153.0414225,-27.478317,0
                  153.0414265,-27.47832,0
                  153.0413865,-27.478521,0
                  153.0413415,-27.478582,0
                  153.0412795,-27.478592,0
                  153.0412225,-27.478562,0
                  153.0412415,-27.479037,0
                  153.0412645,-27.479064,0
                  153.0412755,-27.479095,0
                  153.0412755,-27.479128,0
                  153.0412665,-27.479174,0
                  153.0409675,-27.479128,0
                  153.0408065,-27.479103,0
                  153.0407725,-27.479098,0
                  153.0407705,-27.479107,0
                  153.0407535,-27.479196,0
                  153.0407365,-27.479282,0
                  153.0407355,-27.479286,0
                  153.0407185,-27.479375,0
                  153.0407015,-27.479464,0
                  153.0406845,-27.479553,0
                  153.0406745,-27.479605,0
                  153.0406675,-27.479642,0
                  153.0406495,-27.479732,0
                  153.0406235,-27.479868,0
                  153.0406145,-27.479916,0
                  153.0406245,-27.479918,0
                  153.0406175,-27.479957,0
                  153.0406075,-27.480005,0
                  153.0405905,-27.480096,0
                  153.0405735,-27.480183,0
                  153.0405645,-27.480229,0
                  153.0405565,-27.480271,0
                  153.0405395,-27.480358,0
                  153.0410245,-27.480432,0
                  153.0409835,-27.480642,0
                  153.0409485,-27.480636,0
                  153.0409415,-27.480672,0
                  153.0409765,-27.480677,0
                  153.0409225,-27.480958,0
                  153.0408845,-27.481154,0
                  153.0408525,-27.481323,0
                  153.0408345,-27.481416,0
                  153.0408165,-27.481509,0
                  153.0407985,-27.481603,0
                  153.0407805,-27.481696,0
                  153.0407055,-27.481869,0
                  153.0407385,-27.481911,0
                  153.0407075,-27.482067,0
                  153.0405205,-27.482039,0
                  153.0403335,-27.48201,0
                  153.0403155,-27.482102,0
                  153.0402975,-27.482194,0
                  153.0402535,-27.482187,0
                  153.0402345,-27.482279,0
                  153.0402165,-27.482364,0
                  153.0401995,-27.482448,0
                  153.0401825,-27.482533,0
                  153.0401645,-27.48262,0
                  153.0401465,-27.482707,0
                  153.0401295,-27.482795,0
                  153.0401565,-27.482799,0
                  153.0401295,-27.482947,0
                  153.0401265,-27.482966,0
                  153.0401255,-27.482974,0
                  153.0401095,-27.483062,0
                  153.0404995,-27.483122,0
                  153.0404225,-27.483202,0
                  153.0404725,-27.483265,0
                  153.0404485,-27.48339,0
                  153.0400465,-27.483328,0
                  153.0400255,-27.483436,0
                  153.0404275,-27.483498,0
                  153.0403325,-27.483667,0
                  153.0403615,-27.483679,0
                  153.0403795,-27.483702,0
                  153.0403825,-27.48373,0
                  153.0403675,-27.48381,0
                  153.0403285,-27.484009,0
                  153.0403025,-27.484146,0
                  153.0401325,-27.48412,0
                  153.0401015,-27.484277,0
                  153.0402725,-27.484303,0
                  153.0402375,-27.484482,0
                  153.0398375,-27.48442,0
                  153.0398065,-27.484578,0
                  153.0397765,-27.484733,0
                  153.0397125,-27.485061,0
                  153.0396955,-27.48515,0
                  153.0392965,-27.485088,0
                  153.0379145,-27.484855,0
                  153.0376795,-27.48484,0
                  153.0360725,-27.484592,0
                  153.0357505,-27.484571,0
                  153.0338965,-27.48428,0
                  153.0337945,-27.484265,0
                  153.0329965,-27.484147,0
                  153.0327185,-27.484118,0
                  153.0309095,-27.483837,0
                  153.0306265,-27.483795,0
                  153.0305875,-27.484005,0
                  153.0304645,-27.484666,0
                  153.0304325,-27.484836,0
                  153.0303735,-27.485153,0
                  153.0303535,-27.485251,0
                  153.0302145,-27.485231,0
                  153.0301255,-27.485218,0
                  153.0301225,-27.485217,0
                  153.0299225,-27.485188,0
                  153.0299215,-27.485187,0
                  153.0297505,-27.485162,0
                  153.0295695,-27.485135,0
                  153.0294695,-27.48512,0
                  153.0293695,-27.485105,0
                  153.0293075,-27.485096,0
                  153.0291255,-27.485391,0
                  153.0290675,-27.485679,0
                  153.0289325,-27.487477,0
                  153.0287685,-27.487753,0
                  153.0286995,-27.487869,0
                  153.0285405,-27.487845,0
                  153.0281525,-27.487787,0
                  153.0280315,-27.487768,0
                  153.0279765,-27.488036,0
                  153.0279575,-27.488126,0
                  153.0279395,-27.488215,0
                  153.0279205,-27.488304,0
                  153.0281795,-27.488343,0
                  153.0281035,-27.48847,0
                  153.0277525,-27.488417,0
                  153.0276115,-27.488396,0
                  153.0275565,-27.488664,0
                  153.0275005,-27.488932,0
                  153.0276415,-27.488953,0
                  153.0277615,-27.488971,0
                  153.0275455,-27.489123,0
                  153.0275745,-27.489138,0
                  153.0275825,-27.489168,0
                  153.0275655,-27.489194,0
                  153.0275385,-27.489214,0
                  153.0274425,-27.4892,0
                  153.0274015,-27.489194,0
                  153.0272025,-27.489165,0
                  153.0271125,-27.489143,0
                  153.0270815,-27.48923,0
                  153.0270705,-27.489228,0
                  153.0270535,-27.489325,0
                  153.0269025,-27.489302,0
                  153.0267415,-27.489278,0
                  153.0266445,-27.489263,0
                  153.0269365,-27.489637,0
                  153.0271555,-27.489917,0
                  153.0269275,-27.489942,0
                  153.0265085,-27.489883,0
                  153.0264235,-27.489774,0
                  153.0263385,-27.489666,0
                  153.0262875,-27.489601,0
                  153.0262535,-27.489557,0
                  153.0261735,-27.489455,0
                  153.0261685,-27.489449,0
                  153.0260835,-27.48934,0
                  153.0260785,-27.489334,0
                  153.0260345,-27.489328,0
                  153.0259335,-27.489312,0
                  153.0259275,-27.489342,0
                  153.0259105,-27.489431,0
                  153.0258975,-27.489495,0
                  153.0258925,-27.489521,0
                  153.0258755,-27.48961,0
                  153.0258735,-27.489618,0
                  153.0258655,-27.489656,0
                  153.0258565,-27.489703,0
                  153.0254825,-27.489641,0
                  153.0257985,-27.49,0
                  153.0259915,-27.490182,0
                  153.0260645,-27.490251,0
                  153.0261115,-27.490307,0
                  153.0261945,-27.490403,0
                  153.0262105,-27.490423,0
                  153.0263095,-27.490538,0
                  153.0264545,-27.490712,0
                  153.0266125,-27.490873,0
                  153.0267195,-27.490976,0
                  153.0304644,-27.4903175,0
                  153.0271195,-27.491319,0
                  153.0272415,-27.491522,0
                  153.0275145,-27.491794,0
                  153.0275925,-27.491804,0
                  153.0278095,-27.491963,0
                  153.0281065,-27.492315,0
                  153.0283065,-27.492521,0
                  153.0284945,-27.492661,0
                  153.0285935,-27.492709,0
                  153.0287085,-27.492766,0
                  153.0289275,-27.492863,0
                  153.0291545,-27.492944,0
                  153.0293845,-27.493014,0
                  153.0296025,-27.493025,0
                  153.0296235,-27.49291,0
                  153.0300255,-27.492968,0
                  153.0300055,-27.493075,0
                  153.0304075,-27.493133,0
                  153.0303805,-27.493275,0
                  153.0305755,-27.49334,0
                  153.0309565,-27.493478,0
                  153.0313685,-27.49371,0
                  153.0313645,-27.49373,0
                  153.0313495,-27.493811,0
                  153.0314795,-27.493933,0
                  153.0315285,-27.493978,0
                  153.0316925,-27.49413,0
                  153.0318385,-27.494266,0
                  153.0322185,-27.494606,0
                  153.0323065,-27.494685,0
                  153.0323355,-27.494711,0
                  153.0323255,-27.4961995,0
                </coordinates>
              </LinearRing>
            </outerBoundaryIs>
            <innerBoundaryIs>
              <LinearRing>
                <tessellate>1</tessellate>
                <coordinates>
                  153.0330625,-27.496048,0
                  153.0333305,-27.496164,0
                  153.0334225,-27.496075,0
                  153.0336095,-27.496115,0
                  153.0338245,-27.49616,0
                  153.0341995,-27.496302,0
                  153.0345855,-27.49642,0
                  153.0347795,-27.496462,0
                  153.0347475,-27.496276,0
                  153.0346345,-27.49589,0
                  153.0345635,-27.495648,0
                  153.0345605,-27.495647,0
                  153.0345495,-27.495646,0
                  153.0331705,-27.495442,0
                  153.0331635,-27.495437,0
                  153.0329975,-27.495303,0
                  153.0328988,-27.4960567,0
                  153.0330625,-27.496048,0
                </coordinates>
              </LinearRing>
            </innerBoundaryIs>
          </Polygon>
        </MultiGeometry>
      </Placemark>
      <Placemark>
        <name>Milton/Auchenflower</name>
        <description><![CDATA[description: <br>qld_loca_2: <br>lc_ply_pid: <br>dt_create: <br>dt_retire: <br>loc_pid: <br>qld_locali: <br>qld_loca_1: <br>qld_loca_3: <br>qld_loca_4: <br>qld_loca_5: <br>qld_loca_6: <br>qld_loca_7: ]]></description>
        <styleUrl>#poly-F57C00-1200-77</styleUrl>
        <ExtendedData>
          <Data name="description">
            <value/>
          </Data>
          <Data name="qld_loca_2">
            <value/>
          </Data>
          <Data name="lc_ply_pid">
            <value/>
          </Data>
          <Data name="dt_create">
            <value/>
          </Data>
          <Data name="dt_retire">
            <value/>
          </Data>
          <Data name="loc_pid">
            <value/>
          </Data>
          <Data name="qld_locali">
            <value/>
          </Data>
          <Data name="qld_loca_1">
            <value/>
          </Data>
          <Data name="qld_loca_3">
            <value/>
          </Data>
          <Data name="qld_loca_4">
            <value/>
          </Data>
          <Data name="qld_loca_5">
            <value/>
          </Data>
          <Data name="qld_loca_6">
            <value/>
          </Data>
          <Data name="qld_loca_7">
            <value/>
          </Data>
        </ExtendedData>
        <Polygon>
          <outerBoundaryIs>
            <LinearRing>
              <tessellate>1</tessellate>
              <coordinates>
                152.999042,-27.481587,0
                152.99971,-27.480611,0
                153.000608,-27.479302,0
                153.001707,-27.4785,0
                153.003911,-27.476061,0
                153.006716,-27.473603,0
                153.006998,-27.473413,0
                153.012079,-27.469979,0
                153.011296,-27.46897,0
                153.011235,-27.468964,0
                153.011113,-27.468951,0
                153.011073,-27.468892,0
                153.011197,-27.468827,0
                153.010955,-27.468384,0
                153.010673,-27.46775,0
                153.01059,-27.467511,0
                153.010526,-27.467301,0
                153.010503,-27.467248,0
                153.010398,-27.467008,0
                153.010387,-27.466982,0
                153.010359,-27.466716,0
                153.010411,-27.466606,0
                153.010518,-27.466381,0
                153.010652,-27.465757,0
                153.010657,-27.465702,0
                153.010673,-27.465622,0
                153.010727,-27.465351,0
                153.010743,-27.465271,0
                153.010811,-27.464927,0
                153.010829,-27.464838,0
                153.010902,-27.46447,0
                153.010928,-27.464339,0
                153.011082,-27.463574,0
                153.011164,-27.463401,0
                153.010973,-27.463294,0
                153.009145,-27.462446,0
                153.008729,-27.46236,0
                153.008596,-27.462454,0
                153.008576,-27.462553,0
                153.008606,-27.46268,0
                153.008575,-27.462836,0
                153.008487,-27.462865,0
                153.008381,-27.462901,0
                153.008275,-27.462937,0
                153.008169,-27.462972,0
                153.008222,-27.463099,0
                153.00808,-27.463147,0
                153.007938,-27.463195,0
                153.007796,-27.463243,0
                153.007654,-27.463291,0
                153.007512,-27.463338,0
                153.007369,-27.463386,0
                153.007227,-27.463434,0
                153.007085,-27.463482,0
                153.006943,-27.46353,0
                153.006801,-27.463578,0
                153.006659,-27.463625,0
                153.006517,-27.463673,0
                153.006374,-27.463721,0
                153.006231,-27.463769,0
                153.006125,-27.463515,0
                153.006073,-27.463392,0
                153.006034,-27.463297,0
                153.00597,-27.463144,0
                153.005945,-27.463084,0
                153.005863,-27.462889,0
                153.00579,-27.462771,0
                153.005686,-27.462515,0
                153.005581,-27.462258,0
                153.005459,-27.462358,0
                153.00545,-27.462343,0
                153.005436,-27.462331,0
                153.005418,-27.462324,0
                153.005399,-27.462322,0
                153.00538,-27.462326,0
                153.005039,-27.462442,0
                153.005174,-27.462758,0
                153.005127,-27.462774,0
                153.005169,-27.462874,0
                153.005105,-27.462896,0
                153.005125,-27.462942,0
                153.00507,-27.462961,0
                153.005181,-27.46315,0
                153.005017,-27.463206,0
                153.004918,-27.46324,0
                153.004903,-27.463245,0
                153.004828,-27.463271,0
                153.004813,-27.463236,0
                153.004788,-27.463244,0
                153.004661,-27.462947,0
                153.004563,-27.46298,0
                153.004465,-27.463014,0
                153.004367,-27.463047,0
                153.004269,-27.463081,0
                153.004171,-27.463114,0
                153.004073,-27.463148,0
                153.003974,-27.463181,0
                153.003832,-27.46323,0
                153.003806,-27.46317,0
                153.003692,-27.463208,0
                153.003478,-27.463282,0
                153.00338,-27.463046,0
                153.003273,-27.463102,0
                153.003346,-27.463279,0
                153.003412,-27.463439,0
                153.003288,-27.463481,0
                153.003164,-27.463523,0
                153.00304,-27.463565,0
                153.002918,-27.463607,0
                153.002796,-27.463648,0
                153.002674,-27.463689,0
                153.00251,-27.463304,0
                153.002402,-27.463367,0
                153.00245,-27.463478,0
                153.002259,-27.46354,0
                153.002283,-27.463596,0
                153.002089,-27.463662,0
                153.002019,-27.4635,0
                153.001865,-27.463523,0
                153.00198,-27.463789,0
                153.001824,-27.463842,0
                153.001669,-27.463895,0
                153.001514,-27.463948,0
                153.001399,-27.463682,0
                153.001152,-27.463766,0
                153.00128,-27.464064,0
                153.001089,-27.464126,0
                153.001049,-27.464139,0
                153.000953,-27.46417,0
                153.000897,-27.464188,0
                153.000884,-27.464158,0
                153.000845,-27.464172,0
                153.000752,-27.464204,0
                153.000759,-27.464222,0
                153.000795,-27.464306,0
                153.000868,-27.464474,0
                153.000836,-27.464485,0
                153.000442,-27.464619,0
                153.000529,-27.464735,0
                153.000741,-27.464663,0
                153.000811,-27.464833,0
                153.001058,-27.464748,0
                153.001094,-27.464832,0
                153.001131,-27.464918,0
                153.001261,-27.464873,0
                153.001371,-27.464835,0
                153.00139,-27.464829,0
                153.001473,-27.4648,0
                153.001544,-27.46497,0
                153.00133,-27.465044,0
                153.001322,-27.465135,0
                153.001315,-27.465226,0
                153.001308,-27.465318,0
                153.001305,-27.465354,0
                153.0013,-27.465409,0
                153.001293,-27.4655,0
                153.001293,-27.465504,0
                153.001287,-27.465572,0
                153.001278,-27.465683,0
                153.001427,-27.465634,0
                153.001463,-27.465718,0
                153.001499,-27.465803,0
                153.001535,-27.465888,0
                153.001568,-27.465965,0
                153.001604,-27.466049,0
                153.00164,-27.466133,0
                153.001676,-27.466216,0
                153.001713,-27.466303,0
                153.001228,-27.466468,0
                153.001181,-27.466641,0
                153.001124,-27.466732,0
                153.000974,-27.466662,0
                153.000006,-27.466212,0
                152.999829,-27.46613,0
                152.999473,-27.465964,0
                152.998097,-27.466146,0
                152.997984,-27.46616,0
                152.998002,-27.46625,0
                152.998596,-27.467112,0
                152.998771,-27.467354,0
                152.998721,-27.468086,0
                152.998701,-27.468373,0
                152.998599,-27.468434,0
                152.998482,-27.468523,0
                152.998416,-27.468454,0
                152.998371,-27.468408,0
                152.998358,-27.468362,0
                152.998366,-27.468324,0
                152.998607,-27.468271,0
                152.99862,-27.46808,0
                152.998635,-27.467863,0
                152.998443,-27.467862,0
                152.998436,-27.467862,0
                152.998353,-27.467862,0
                152.998267,-27.467862,0
                152.998154,-27.467861,0
                152.998163,-27.46781,0
                152.997946,-27.467859,0
                152.997838,-27.467883,0
                152.997729,-27.467907,0
                152.997621,-27.467931,0
                152.997513,-27.467955,0
                152.997497,-27.468046,0
                152.997266,-27.468172,0
                152.997063,-27.468144,0
                152.997045,-27.468242,0
                152.996845,-27.468199,0
                152.996793,-27.468489,0
                152.996783,-27.468542,0
                152.996388,-27.46863,0
                152.996398,-27.468577,0
                152.99636,-27.468586,0
                152.99643,-27.468193,0
                152.996321,-27.468216,0
                152.99629,-27.468222,0
                152.996263,-27.468228,0
                152.996167,-27.468214,0
                152.996155,-27.468212,0
                152.996016,-27.468193,0
                152.995866,-27.46817,0
                152.995816,-27.468163,0
                152.995716,-27.468148,0
                152.995615,-27.468133,0
                152.995598,-27.468225,0
                152.995398,-27.468195,0
                152.995197,-27.468165,0
                152.995214,-27.468074,0
                152.995014,-27.468044,0
                152.995082,-27.467685,0
                152.994972,-27.467723,0
                152.994914,-27.46803,0
                152.994893,-27.468139,0
                152.994684,-27.468108,0
                152.994705,-27.467999,0
                152.994605,-27.467984,0
                152.994505,-27.467969,0
                152.994482,-27.468091,0
                152.994282,-27.468061,0
                152.994305,-27.467939,0
                152.994205,-27.467925,0
                152.994105,-27.46791,0
                152.994005,-27.467895,0
                152.993905,-27.46788,0
                152.993805,-27.467865,0
                152.993755,-27.467858,0
                152.993705,-27.467851,0
                152.993605,-27.467836,0
                152.993575,-27.467998,0
                152.993366,-27.467968,0
                152.993363,-27.467984,0
                152.993163,-27.467954,0
                152.993128,-27.468136,0
                152.993106,-27.468132,0
                152.993028,-27.468121,0
                152.992929,-27.468106,0
                152.992829,-27.468091,0
                152.992729,-27.468077,0
                152.992629,-27.468062,0
                152.992529,-27.468047,0
                152.992496,-27.468226,0
                152.992613,-27.468244,0
                152.992679,-27.468253,0
                152.992614,-27.468605,0
                152.992579,-27.4686,0
                152.992432,-27.468578,0
                152.992419,-27.468576,0
                152.99226,-27.468552,0
                152.9921,-27.468528,0
                152.991941,-27.468504,0
                152.991781,-27.46848,0
                152.991622,-27.468456,0
                152.991462,-27.468432,0
                152.991303,-27.468408,0
                152.9912,-27.468392,0
                152.991144,-27.468384,0
                152.991043,-27.468369,0
                152.991033,-27.468367,0
                152.990892,-27.468347,0
                152.990813,-27.468336,0
                152.990592,-27.468304,0
                152.99057,-27.468301,0
                152.990373,-27.468273,0
                152.990321,-27.468265,0
                152.990166,-27.468243,0
                152.990023,-27.46801,0
                152.989975,-27.468044,0
                152.990089,-27.468231,0
                152.989985,-27.468215,0
                152.98988,-27.468199,0
                152.989897,-27.468103,0
                152.989758,-27.468202,0
                152.989576,-27.46822,0
                152.989576,-27.468217,0
                152.989475,-27.468227,0
                152.989314,-27.468243,0
                152.989308,-27.468532,0
                152.989174,-27.468527,0
                152.989171,-27.468653,0
                152.989164,-27.468893,0
                152.989265,-27.468903,0
                152.989457,-27.468934,0
                152.989598,-27.468957,0
                152.989593,-27.468983,0
                152.989578,-27.469057,0
                152.989558,-27.469158,0
                152.989236,-27.469106,0
                152.989228,-27.46914,0
                152.9892,-27.469228,0
                152.989202,-27.469251,0
                152.989217,-27.469271,0
                152.989241,-27.469281,0
                152.989098,-27.469364,0
                152.989198,-27.469381,0
                152.989159,-27.469599,0
                152.989137,-27.469721,0
                152.989197,-27.469756,0
                152.98928,-27.469768,0
                152.989192,-27.469878,0
                152.989144,-27.469937,0
                152.989137,-27.469975,0
                152.989133,-27.469997,0
                152.989109,-27.470125,0
                152.989044,-27.470094,0
                152.988914,-27.470031,0
                152.988883,-27.470184,0
                152.988671,-27.470149,0
                152.988648,-27.470258,0
                152.988515,-27.4703,0
                152.988555,-27.470106,0
                152.988368,-27.470073,0
                152.98819,-27.470042,0
                152.988175,-27.470106,0
                152.987975,-27.470176,0
                152.987775,-27.470246,0
                152.987598,-27.470308,0
                152.98755,-27.470305,0
                152.987328,-27.470289,0
                152.987171,-27.470278,0
                152.987028,-27.470268,0
                152.987004,-27.470415,0
                152.986728,-27.470395,0
                152.98654,-27.470382,0
                152.986496,-27.470612,0
                152.986496,-27.470613,0
                152.986437,-27.47092,0
                152.9864,-27.471114,0
                152.98638,-27.471221,0
                152.986355,-27.471354,0
                152.986453,-27.471369,0
                152.986551,-27.471384,0
                152.98665,-27.471399,0
                152.986748,-27.471414,0
                152.986772,-27.471287,0
                152.986774,-27.471281,0
                152.986795,-27.471166,0
                152.986804,-27.47112,0
                152.98701,-27.471057,0
                152.987231,-27.471093,0
                152.987271,-27.470888,0
                152.987474,-27.470903,0
                152.987437,-27.471099,0
                152.987738,-27.471144,0
                152.987693,-27.471377,0
                152.987797,-27.471392,0
                152.987814,-27.471304,0
                152.98783,-27.471215,0
                152.988028,-27.471244,0
                152.98807,-27.471022,0
                152.988106,-27.470833,0
                152.98812,-27.470835,0
                152.988304,-27.470862,0
                152.988405,-27.470876,0
                152.988074,-27.472598,0
                152.988024,-27.472857,0
                152.987808,-27.473976,0
                152.98777,-27.474175,0
                152.987612,-27.474996,0
                152.987587,-27.475127,0
                152.987688,-27.475178,0
                152.987895,-27.475283,0
                152.988221,-27.475447,0
                152.988207,-27.475521,0
                152.988145,-27.475849,0
                152.988104,-27.476063,0
                152.988046,-27.476391,0
                152.988114,-27.476401,0
                152.988263,-27.47642,0
                152.988412,-27.47644,0
                152.988513,-27.476454,0
                152.988563,-27.476462,0
                152.988714,-27.476483,0
                152.988864,-27.476504,0
                152.988912,-27.476511,0
                152.989039,-27.476529,0
                152.989113,-27.476539,0
                152.989215,-27.476554,0
                152.989365,-27.476576,0
                152.989515,-27.476598,0
                152.989577,-27.476608,0
                152.989583,-27.476613,0
                152.989648,-27.476683,0
                152.989674,-27.476711,0
                152.989713,-27.476753,0
                152.989757,-27.4768,0
                152.989779,-27.476823,0
                152.989839,-27.476888,0
                152.989844,-27.476893,0
                152.989904,-27.476957,0
                152.989922,-27.476977,0
                152.989975,-27.477033,0
                152.990005,-27.477066,0
                152.99004,-27.477103,0
                152.990072,-27.477138,0
                152.990088,-27.477154,0
                152.990098,-27.477165,0
                152.990105,-27.477173,0
                152.990171,-27.477243,0
                152.990203,-27.477278,0
                152.990518,-27.477047,0
                152.99055,-27.477081,0
                152.990811,-27.477353,0
                152.990881,-27.477426,0
                152.991029,-27.477317,0
                152.991675,-27.476842,0
                152.991789,-27.476758,0
                152.991839,-27.47681,0
                152.991867,-27.476839,0
                152.991869,-27.476841,0
                152.992169,-27.477156,0
                152.99214,-27.477178,0
                152.991958,-27.477316,0
                152.991845,-27.477402,0
                152.991723,-27.477494,0
                152.992053,-27.47784,0
                152.992172,-27.477998,0
                152.992203,-27.478,0
                152.992229,-27.478016,0
                152.992518,-27.478318,0
                152.99285,-27.478665,0
                152.992916,-27.478734,0
                152.992448,-27.479089,0
                152.992514,-27.479158,0
                152.992963,-27.479626,0
                152.993563,-27.479169,0
                152.993571,-27.479163,0
                152.993633,-27.479116,0
                152.993702,-27.479064,0
                152.993841,-27.478958,0
                152.993981,-27.478852,0
                152.99412,-27.478746,0
                152.994179,-27.4787,0
                152.994235,-27.478658,0
                152.99435,-27.478571,0
                152.994464,-27.478483,0
                152.994579,-27.478396,0
                152.99474,-27.478273,0
                152.995446,-27.477728,0
                152.995858,-27.478161,0
                152.99611,-27.47843,0
                152.996169,-27.478254,0
                152.996218,-27.478291,0
                152.996249,-27.47833,0
                152.996272,-27.478372,0
                152.996286,-27.478416,0
                152.996299,-27.478463,0
                152.996306,-27.478505,0
                152.996313,-27.478548,0
                152.996324,-27.478582,0
                152.996342,-27.478633,0
                152.996358,-27.478667,0
                152.996382,-27.478692,0
                152.996445,-27.478781,0
                152.996494,-27.478859,0
                152.996465,-27.479118,0
                152.996431,-27.479382,0
                152.99642,-27.479591,0
                152.996425,-27.479728,0
                152.99642,-27.479862,0
                152.996507,-27.479909,0
                152.996594,-27.479907,0
                152.996717,-27.479979,0
                152.996796,-27.479914,0
                152.996882,-27.479857,0
                152.99698,-27.479926,0
                152.997123,-27.480056,0
                152.99729,-27.480135,0
                152.997311,-27.480145,0
                152.997569,-27.48038,0
                152.997704,-27.480504,0
                152.997543,-27.480756,0
                152.997917,-27.480824,0
                152.999042,-27.481587,0
              </coordinates>
            </LinearRing>
          </outerBoundaryIs>
        </Polygon>
      </Placemark>
      <Placemark>
        <name>Toowong/Taringa</name>
        <description><![CDATA[description: <br>qld_loca_2: <br>lc_ply_pid: <br>dt_create: <br>dt_retire: <br>loc_pid: <br>qld_locali: <br>qld_loca_1: <br>qld_loca_3: <br>qld_loca_4: <br>qld_loca_5: <br>qld_loca_6: <br>qld_loca_7: ]]></description>
        <styleUrl>#poly-424242-1200-77</styleUrl>
        <ExtendedData>
          <Data name="description">
            <value/>
          </Data>
          <Data name="qld_loca_2">
            <value/>
          </Data>
          <Data name="lc_ply_pid">
            <value/>
          </Data>
          <Data name="dt_create">
            <value/>
          </Data>
          <Data name="dt_retire">
            <value/>
          </Data>
          <Data name="loc_pid">
            <value/>
          </Data>
          <Data name="qld_locali">
            <value/>
          </Data>
          <Data name="qld_loca_1">
            <value/>
          </Data>
          <Data name="qld_loca_3">
            <value/>
          </Data>
          <Data name="qld_loca_4">
            <value/>
          </Data>
          <Data name="qld_loca_5">
            <value/>
          </Data>
          <Data name="qld_loca_6">
            <value/>
          </Data>
          <Data name="qld_loca_7">
            <value/>
          </Data>
        </ExtendedData>
        <Polygon>
          <outerBoundaryIs>
            <LinearRing>
              <tessellate>1</tessellate>
              <coordinates>
                152.9708667,-27.4878698,0
                152.9703308,-27.4877868,0
                152.9700988,-27.4877508,0
                152.9695417,-27.4876648,0
                152.9691858,-27.4876098,0
                152.9687907,-27.4875298,0
                152.9677007,-27.4873088,0
                152.9672007,-27.4873028,0
                152.9669568,-27.4872648,0
                152.9660497,-27.4871238,0
                152.9659528,-27.4876008,0
                152.9657968,-27.4883838,0
                152.9654927,-27.4899078,0
                152.9676287,-27.4902498,0
                152.9677358,-27.4902668,0
                152.9679098,-27.4910348,0
                152.9679738,-27.4912138,0
                152.9681078,-27.4912468,0
                152.9682937,-27.4912748,0
                152.9682507,-27.4915038,0
                152.9684747,-27.4915378,0
                152.9684547,-27.4916458,0
                152.9684347,-27.4917538,0
                152.9682028,-27.4917188,0
                152.9681618,-27.4919318,0
                152.9679768,-27.4919038,0
                152.9679048,-27.4920768,0
                152.9683567,-27.4921468,0
                152.9683357,-27.4922548,0
                152.9683297,-27.4922878,0
                152.9683077,-27.4924018,0
                152.9682947,-27.4924718,0
                152.9682867,-27.4925168,0
                152.9681118,-27.4924898,0
                152.9678398,-27.4924488,0
                152.9678048,-27.4926588,0
                152.9677988,-27.4926798,0
                152.9678028,-27.4927078,0
                152.9678208,-27.4927308,0
                152.9678498,-27.4927428,0
                152.9678328,-27.4929238,0
                152.9677768,-27.4929278,0
                152.9677297,-27.4929538,0
                152.9677017,-27.4929958,0
                152.9676407,-27.4931668,0
                152.9678818,-27.4932058,0
                152.9681128,-27.4932418,0
                152.9680958,-27.4933308,0
                152.9681968,-27.4933458,0
                152.9682967,-27.4933618,0
                152.9683977,-27.4933768,0
                152.9684967,-27.4933918,0
                152.9686027,-27.4934078,0
                152.9686497,-27.4934158,0
                152.9687027,-27.4934238,0
                152.9688028,-27.4934388,0
                152.9689018,-27.4934538,0
                152.9690018,-27.4934688,0
                152.9690988,-27.4934838,0
                152.9691348,-27.4934898,0
                152.9692038,-27.4934998,0
                152.9693038,-27.4935148,0
                152.9694047,-27.4935308,0
                152.9695057,-27.4935458,0
                152.9696067,-27.4935618,0
                152.9697037,-27.4935758,0
                152.9697597,-27.4935848,0
                152.9698007,-27.4935908,0
                152.9698978,-27.4936058,0
                152.9699948,-27.4936208,0
                152.9700948,-27.4936358,0
                152.9701958,-27.4936518,0
                152.9702958,-27.4936668,0
                152.9703968,-27.4936818,0
                152.9704967,-27.4936978,0
                152.9705977,-27.4937128,0
                152.9706977,-27.4937278,0
                152.9707987,-27.4937438,0
                152.9708987,-27.4937588,0
                152.9709998,-27.4937738,0
                152.9710998,-27.4937898,0
                152.9712008,-27.4938048,0
                152.9713008,-27.4938198,0
                152.9714018,-27.4938358,0
                152.9714698,-27.4934778,0
                152.9716607,-27.4935628,0
                152.9716727,-27.4935388,0
                152.9716987,-27.4935228,0
                152.9717297,-27.4935198,0
                152.9718727,-27.4935418,0
                152.9718067,-27.4938978,0
                152.9719067,-27.4939128,0
                152.9720078,-27.4939278,0
                152.9722088,-27.4939588,0
                152.9723098,-27.4939738,0
                152.9724098,-27.4939888,0
                152.9725108,-27.4940038,0
                152.9726107,-27.4940188,0
                152.9727117,-27.4940348,0
                152.9728117,-27.4940498,0
                152.9729097,-27.4940638,0
                152.9729617,-27.4940718,0
                152.9731138,-27.4940948,0
                152.9732138,-27.4941098,0
                152.9731468,-27.4944688,0
                152.9733578,-27.4944448,0
                152.9733608,-27.4944728,0
                152.9733788,-27.4944958,0
                152.9734078,-27.4945078,0
                152.9736448,-27.4945438,0
                152.9736458,-27.4945388,0
                152.9738477,-27.4945698,0
                152.9739147,-27.4942208,0
                152.9741137,-27.4942518,0
                152.9742128,-27.4942668,0
                152.9743128,-27.4942828,0
                152.9745148,-27.4943128,0
                152.9748157,-27.4943598,0
                152.9747598,-27.4946588,0
                152.9749547,-27.4947428,0
                152.9750207,-27.4943898,0
                152.9751207,-27.4944048,0
                152.9752198,-27.4944208,0
                152.9754178,-27.4944508,0
                152.9754768,-27.4944598,0
                152.9756188,-27.4944818,0
                152.9755518,-27.4948348,0
                152.9759137,-27.4948908,0
                152.9759507,-27.4948908,0
                152.9759847,-27.4948798,0
                152.9760127,-27.4948588,0
                152.9761527,-27.4949598,0
                152.9765488,-27.4944198,0
                152.9768818,-27.4938908,0
                152.9769318,-27.4938938,0
                152.9770177,-27.4938448,0
                152.9772777,-27.4935438,0
                152.9772937,-27.4934848,0
                152.9774138,-27.4937328,0
                152.9772097,-27.4939738,0
                152.9771237,-27.4940758,0
                152.9774618,-27.4943028,0
                152.9776878,-27.4941508,0
                152.9778938,-27.4945748,0
                152.9779318,-27.4946598,0
                152.9779408,-27.4946928,0
                152.9779388,-27.4947268,0
                152.9779258,-27.4947588,0
                152.9778958,-27.4948088,0
                152.9780767,-27.4948958,0
                152.9778678,-27.4952418,0
                152.9782197,-27.4954108,0
                152.9781247,-27.4955688,0
                152.9782237,-27.4956158,0
                152.9784928,-27.4957438,0
                152.9785698,-27.4956198,0
                152.9786448,-27.4954278,0
                152.9787758,-27.4956508,0
                152.9786718,-27.4958228,0
                152.9788528,-27.4959428,0
                152.9787438,-27.4960718,0
                152.9790298,-27.4962618,0
                152.9792367,-27.4963998,0
                152.9793127,-27.4964508,0
                152.9793997,-27.4965078,0
                152.9794788,-27.4965608,0
                152.9797228,-27.4967228,0
                152.9798198,-27.4967868,0
                152.9798378,-27.4967988,0
                152.9800118,-27.4968258,0
                152.9801758,-27.4968518,0
                152.9801408,-27.4970278,0
                152.9801748,-27.4970328,0
                152.9802467,-27.4970448,0
                152.9802517,-27.4970458,0
                152.9803537,-27.4970618,0
                152.9803707,-27.4969748,0
                152.9804687,-27.4969918,0
                152.9804647,-27.4970128,0
                152.9805398,-27.4970248,0
                152.9805898,-27.4970328,0
                152.9806678,-27.4970448,0
                152.9806488,-27.4971368,0
                152.9808508,-27.4971698,0
                152.9808548,-27.4971538,0
                152.9810508,-27.4971728,0
                152.9811438,-27.4971818,0
                152.9812658,-27.4971938,0
                152.9813757,-27.4972038,0
                152.9814577,-27.4972118,0
                152.9815007,-27.4972328,0
                152.9816458,-27.4973018,0
                152.9816628,-27.4972168,0
                152.9819688,-27.4972628,0
                152.9820168,-27.4970408,0
                152.9821948,-27.4971468,0
                152.9821458,-27.4973988,0
                152.9823478,-27.4974288,0
                152.9823088,-27.4976238,0
                152.9824098,-27.4976398,0
                152.9824148,-27.4976118,0
                152.9826187,-27.4976428,0
                152.9826227,-27.4976178,0
                152.9828238,-27.4976498,0
                152.9829788,-27.4976738,0
                152.9832268,-27.4977118,0
                152.9832438,-27.4976238,0
                152.9833508,-27.4976408,0
                152.9834618,-27.4976568,0
                152.9835717,-27.4976738,0
                152.9836817,-27.4976908,0
                152.9837738,-27.4972318,0
                152.9839698,-27.4972898,0
                152.9839368,-27.4974498,0
                152.9841558,-27.4974848,0
                152.9841198,-27.4976628,0
                152.9842288,-27.4976798,0
                152.9843408,-27.4976978,0
                152.9843238,-27.4977858,0
                152.9844328,-27.4978038,0
                152.9844888,-27.4978128,0
                152.9845448,-27.4978218,0
                152.9846577,-27.4978398,0
                152.9847698,-27.4978578,0
                152.9848358,-27.4975328,0
                152.9849988,-27.4977158,0
                152.9849488,-27.4979688,0
                152.9851038,-27.4979928,0
                152.9850578,-27.4982248,0
                152.9852638,-27.4982568,0
                152.9852438,-27.4983558,0
                152.9852248,-27.4984558,0
                152.9852048,-27.4985548,0
                152.9851858,-27.4986548,0
                152.9852658,-27.4986668,0
                152.9852478,-27.4987568,0
                152.9852308,-27.4988458,0
                152.9852038,-27.4988408,0
                152.9851828,-27.4989478,0
                152.9851708,-27.4990088,0
                152.9850568,-27.4989908,0
                152.9850478,-27.4990378,0
                152.9850228,-27.4991648,0
                152.9851778,-27.4992448,0
                152.9855948,-27.4993168,0
                152.9855888,-27.4993438,0
                152.9852388,-27.4992828,0
                152.9852128,-27.4992778,0
                152.9851668,-27.4992978,0
                152.9851728,-27.4992708,0
                152.9851678,-27.4992708,0
                152.9851528,-27.4992628,0
                152.9849538,-27.4994108,0
                152.9849118,-27.4996258,0
                152.9846607,-27.4995868,0
                152.9846337,-27.4997538,0
                152.9854868,-27.4998878,0
                152.9857127,-27.4999228,0
                152.9870608,-27.5001328,0
                152.9870188,-27.5003478,0
                152.9869918,-27.5004808,0
                152.9869448,-27.5007218,0
                152.9869118,-27.5008968,0
                152.9867768,-27.5015858,0
                152.9867408,-27.5017688,0
                152.9866558,-27.5022068,0
                152.9866498,-27.5022378,0
                152.9865038,-27.5029838,0
                152.9866038,-27.5029968,0
                152.9867997,-27.5030368,0
                152.9870688,-27.5030908,0
                152.9875658,-27.5031908,0
                152.9878338,-27.5032448,0
                152.9884978,-27.5033788,0
                152.9897678,-27.5037508,0
                152.9898958,-27.5038338,0
                152.9902378,-27.5031668,0
                152.9905908,-27.5025088,0
                152.9908098,-27.5020398,0
                152.9909408,-27.5018488,0
                152.9910328,-27.5016548,0
                152.9911479,-27.5012348,0
                152.9912878,-27.5007578,0
                152.9914218,-27.5005798,0
                152.9915888,-27.5001798,0
                152.9916168,-27.4999178,0
                152.9915608,-27.4996848,0
                152.9913288,-27.4987808,0
                152.9912458,-27.4984828,0
                152.9911148,-27.4983698,0
                152.9910328,-27.4982998,0
                152.9909038,-27.4982148,0
                152.9907888,-27.4980558,0
                152.9907688,-27.4979728,0
                152.9904248,-27.4980118,0
                152.9902118,-27.4979858,0
                152.9902488,-27.4977458,0
                152.9911359,-27.4964178,0
                152.9911888,-27.4963398,0
                152.9912468,-27.4962538,0
                152.9913508,-27.4960978,0
                152.9917678,-27.4954738,0
                152.9919148,-27.4952538,0
                152.9922898,-27.4946928,0
                152.9924448,-27.4944608,0
                152.9928028,-27.4939128,0
                152.9929008,-27.4937558,0
                152.9930308,-27.4935498,0
                152.9930648,-27.4934208,0
                152.9931378,-27.4933438,0
                152.9932759,-27.4931378,0
                152.9934218,-27.4929088,0
                152.9937538,-27.4924878,0
                152.9940278,-27.4921058,0
                152.9942718,-27.4916498,0
                152.9942428,-27.4914038,0
                152.9941818,-27.4911398,0
                152.9940728,-27.4908178,0
                152.9939778,-27.4907008,0
                152.9939378,-27.4906508,0
                152.9940088,-27.4906188,0
                152.9940548,-27.4905868,0
                152.9940758,-27.4905768,0
                152.9943188,-27.4902248,0
                152.9945008,-27.4900888,0
                152.9955848,-27.4895938,0
                152.9951178,-27.4882058,0
                152.9955378,-27.4871748,0
                152.9955528,-27.4871388,0
                152.9958108,-27.4865048,0
                152.9969068,-27.4848498,0
                152.9979498,-27.4832768,0
                152.9988548,-27.4818438,0
                152.9977298,-27.4810808,0
                152.9973558,-27.4810128,0
                152.9975168,-27.4807608,0
                152.9973818,-27.4806368,0
                152.9971238,-27.4804018,0
                152.9971028,-27.4803918,0
                152.9969358,-27.4803128,0
                152.9967928,-27.4801828,0
                152.9966948,-27.4801138,0
                152.9966089,-27.4801708,0
                152.9965299,-27.4802358,0
                152.9964068,-27.4801638,0
                152.9963198,-27.4801658,0
                152.9962328,-27.4801188,0
                152.9962378,-27.4799848,0
                152.9962328,-27.4798478,0
                152.9962438,-27.4796388,0
                152.9962778,-27.4793748,0
                152.9963068,-27.4791158,0
                152.9962578,-27.4790378,0
                152.9961948,-27.4789488,0
                152.9961708,-27.4789238,0
                152.9961548,-27.4788898,0
                152.9961368,-27.4788388,0
                152.9961258,-27.4788048,0
                152.9961188,-27.4787618,0
                152.9961118,-27.4787198,0
                152.9960988,-27.4786728,0
                152.9960848,-27.4786288,0
                152.9960618,-27.4785868,0
                152.9960308,-27.4785478,0
                152.9959818,-27.4785108,0
                152.9959228,-27.4786868,0
                152.9956708,-27.4784178,0
                152.9952588,-27.4779848,0
                152.9945528,-27.4785298,0
                152.9943919,-27.4786528,0
                152.9942768,-27.4787398,0
                152.9941628,-27.4788278,0
                152.9940478,-27.4789148,0
                152.9939918,-27.4789568,0
                152.9939328,-27.4790028,0
                152.9937938,-27.4791088,0
                152.9936538,-27.4792148,0
                152.9935148,-27.4793208,0
                152.9934458,-27.4793728,0
                152.9933838,-27.4794198,0
                152.9933758,-27.4794258,0
                152.9927758,-27.4798828,0
                152.9923268,-27.4794148,0
                152.9922608,-27.4793458,0
                152.9927288,-27.4789908,0
                152.9926628,-27.4789218,0
                152.9923308,-27.4785748,0
                152.9920418,-27.4782728,0
                152.9920158,-27.4782568,0
                152.9919848,-27.4782548,0
                152.9918658,-27.4780968,0
                152.9915358,-27.4777508,0
                152.9916578,-27.4776588,0
                152.9917708,-27.4775728,0
                152.9919528,-27.4774348,0
                152.9919818,-27.4774128,0
                152.9916818,-27.4770978,0
                152.9916798,-27.4770958,0
                152.9916518,-27.4770668,0
                152.9916018,-27.4770148,0
                152.9914878,-27.4770988,0
                152.9908418,-27.4775738,0
                152.9906938,-27.4776828,0
                152.9906238,-27.4776098,0
                152.9903628,-27.4773378,0
                152.9903308,-27.4773038,0
                152.9900158,-27.4775348,0
                152.9899838,-27.4774998,0
                152.9899178,-27.4774298,0
                152.9899108,-27.4774218,0
                152.9899008,-27.4774108,0
                152.9898848,-27.4773948,0
                152.9898528,-27.4773598,0
                152.9898178,-27.4773228,0
                152.9897878,-27.4772898,0
                152.9897348,-27.4772338,0
                152.9897168,-27.4772138,0
                152.9896568,-27.4771498,0
                152.9896518,-27.4771448,0
                152.9895918,-27.4770798,0
                152.9895698,-27.4770568,0
                152.9895258,-27.4770098,0
                152.9894868,-27.4769678,0
                152.9894608,-27.4769398,0
                152.9893958,-27.4768698,0
                152.9893898,-27.4768648,0
                152.9893278,-27.4768548,0
                152.9891778,-27.4768328,0
                152.9890278,-27.4768108,0
                152.9889258,-27.4767958,0
                152.9888518,-27.4767858,0
                152.9887248,-27.4767678,0
                152.9886768,-27.4767608,0
                152.9885268,-27.4767398,0
                152.9883758,-27.4767188,0
                152.9883258,-27.4767108,0
                152.9882248,-27.4766968,0
                152.9880758,-27.4766768,0
                152.9879267,-27.4766578,0
                152.9878588,-27.4766478,0
                152.9879167,-27.4763198,0
                152.9879578,-27.4761058,0
                152.9880198,-27.4757778,0
                152.9880338,-27.4757038,0
                152.9877078,-27.4755398,0
                152.9875008,-27.4754348,0
                152.9873998,-27.4753838,0
                152.9874248,-27.4752528,0
                152.9875828,-27.4744318,0
                152.9876208,-27.4742328,0
                152.9878368,-27.4731138,0
                152.9878867,-27.4728548,0
                152.9882178,-27.4711328,0
                152.9881168,-27.4711188,0
                152.9879327,-27.4710918,0
                152.9879187,-27.4710898,0
                152.9878827,-27.4712788,0
                152.9878408,-27.4715008,0
                152.9876428,-27.4714718,0
                152.9876268,-27.4715608,0
                152.9876098,-27.4716488,0
                152.9875058,-27.4716338,0
                152.9875508,-27.4714008,0
                152.9872498,-27.4713558,0
                152.9872868,-27.4711598,0
                152.9870838,-27.4711448,0
                152.9870438,-27.4713498,0
                152.9868227,-27.4713138,0
                152.9866168,-27.4713768,0
                152.9866078,-27.4714228,0
                152.9865868,-27.4715378,0
                152.9865848,-27.4715438,0
                152.9865608,-27.4716708,0
                152.9864628,-27.4716558,0
                152.9863638,-27.4716408,0
                152.9862658,-27.4716258,0
                152.9861678,-27.4716108,0
                152.9861928,-27.4714778,0
                152.9862128,-27.4713708,0
                152.9862498,-27.4711768,0
                152.9863088,-27.4708698,0
                152.9860628,-27.4710768,0
                152.9861068,-27.4708438,0
                152.9861078,-27.4708388,0
                152.9857207,-27.4707798,0
                152.9856208,-27.4707648,0
                152.9854188,-27.4707338,0
                152.9852238,-27.4707048,0
                152.9850158,-27.4706728,0
                152.9848148,-27.4706428,0
                152.9847928,-27.4707548,0
                152.9846507,-27.4706948,0
                152.9845088,-27.4706358,0
                152.9844148,-27.4705968,0
                152.9843208,-27.4705568,0
                152.9842918,-27.4707168,0
                152.9840958,-27.4706738,0
                152.9840768,-27.4707838,0
                152.9838738,-27.4707648,0
                152.9839008,-27.4706168,0
                152.9836948,-27.4706208,0
                152.9837228,-27.4704708,0
                152.9835127,-27.4704878,0
                152.9833148,-27.4704568,0
                152.9832698,-27.4704498,0
                152.9830698,-27.4708738,0
                152.9829618,-27.4710778,0
                152.9825537,-27.4711098,0
                152.9825507,-27.4711968,0
                152.9825177,-27.4712598,0
                152.9824647,-27.4713618,0
                152.9824307,-27.4714268,0
                152.9823788,-27.4715268,0
                152.9823258,-27.4716288,0
                152.9822938,-27.4716918,0
                152.9822118,-27.4717758,0
                152.9821348,-27.4718028,0
                152.9819468,-27.4718658,0
                152.9819368,-27.4718698,0
                152.9818038,-27.4719148,0
                152.9817028,-27.4719488,0
                152.9816618,-27.4719628,0
                152.9816098,-27.4719808,0
                152.9815858,-27.4719888,0
                152.9815407,-27.4719778,0
                152.9814967,-27.4719678,0
                152.9814517,-27.4719568,0
                152.9813977,-27.4719438,0
                152.9812978,-27.4719198,0
                152.9812538,-27.4719098,0
                152.9811988,-27.4718968,0
                152.9810988,-27.4718728,0
                152.9810568,-27.4718628,0
                152.9809998,-27.4718488,0
                152.9808998,-27.4718258,0
                152.9808598,-27.4718158,0
                152.9807688,-27.4717988,0
                152.9806698,-27.4717788,0
                152.9806428,-27.4717738,0
                152.9805698,-27.4717598,0
                152.9804197,-27.4717308,0
                152.9803707,-27.4717208,0
                152.9802697,-27.4717018,0
                152.9801698,-27.4716818,0
                152.9801648,-27.4716108,0
                152.9800808,-27.4716158,0
                152.9800708,-27.4716568,0
                152.9797688,-27.4716778,0
                152.9797848,-27.4718418,0
                152.9795638,-27.4716698,0
                152.9795218,-27.4712288,0
                152.9794358,-27.4712168,0
                152.9793347,-27.4712038,0
                152.9792337,-27.4711908,0
                152.9791328,-27.4711768,0
                152.9790858,-27.4711708,0
                152.9790308,-27.4711638,0
                152.9789298,-27.4711508,0
                152.9787268,-27.4711238,0
                152.9785098,-27.4710948,0
                152.9785158,-27.4714638,0
                152.9784698,-27.4714578,0
                152.9784088,-27.4714788,0
                152.9783117,-27.4715118,0
                152.9782197,-27.4711588,0
                152.9780158,-27.4712298,0
                152.9779208,-27.4712628,0
                152.9778258,-27.4712958,0
                152.9777748,-27.4713138,0
                152.9777278,-27.4713298,0
                152.9775588,-27.4712998,0
                152.9774098,-27.4712718,0
                152.9772607,-27.4712448,0
                152.9772397,-27.4712408,0
                152.9771117,-27.4712178,0
                152.9769627,-27.4711908,0
                152.9769168,-27.4711818,0
                152.9768298,-27.4711268,0
                152.9766928,-27.4710398,0
                152.9765568,-27.4709538,0
                152.9765908,-27.4707588,0
                152.9762898,-27.4707178,0
                152.9762388,-27.4707158,0
                152.9760697,-27.4707118,0
                152.9758807,-27.4707128,0
                152.9758667,-27.4707128,0
                152.9757738,-27.4707098,0
                152.9757088,-27.4707068,0
                152.9755458,-27.4708648,0
                152.9754988,-27.4708278,0
                152.9754698,-27.4707788,0
                152.9754618,-27.4707238,0
                152.9749897,-27.4705998,0
                152.9752038,-27.4702308,0
                152.9743358,-27.4697298,0
                152.9742928,-27.4693568,0
                152.9743148,-27.4692368,0
                152.9743278,-27.4691458,0
                152.9743168,-27.4690538,0
                152.9742928,-27.4689648,0
                152.9742548,-27.4688558,0
                152.9742218,-27.4687918,0
                152.9741458,-27.4686968,0
                152.9739177,-27.4685718,0
                152.9738147,-27.4681958,0
                152.9742088,-27.4671858,0
                152.9745328,-27.4670508,0
                152.9743178,-27.4670308,0
                152.9743858,-27.4667018,0
                152.9744688,-27.4667248,0
                152.9745458,-27.4667208,0
                152.9746888,-27.4669858,0
                152.9749357,-27.4668828,0
                152.9756248,-27.4662618,0
                152.9748747,-27.4660388,0
                152.9748767,-27.4660098,0
                152.9750207,-27.4658818,0
                152.9751657,-27.4657548,0
                152.9753098,-27.4656268,0
                152.9753578,-27.4654698,0
                152.9754058,-27.4653128,0
                152.9747388,-27.4651148,0
                152.9745368,-27.4650578,0
                152.9741928,-27.4649618,0
                152.9738927,-27.4655708,0
                152.9735168,-27.4661368,0
                152.9724048,-27.4668508,0
                152.9721908,-27.4669878,0
                152.9719247,-27.4671588,0
                152.9714748,-27.4674368,0
                152.9711438,-27.4676408,0
                152.9708107,-27.4678468,0
                152.9702868,-27.4677918,0
                152.9702858,-27.4678778,0
                152.9702898,-27.4679118,0
                152.9702978,-27.4679298,0
                152.9703118,-27.4679478,0
                152.9703498,-27.4679788,0
                152.9703818,-27.4680058,0
                152.9703987,-27.4680228,0
                152.9704227,-27.4680378,0
                152.9704457,-27.4680548,0
                152.9704597,-27.4680748,0
                152.9704657,-27.4681028,0
                152.9704557,-27.4681238,0
                152.9704377,-27.4681568,0
                152.9703868,-27.4682448,0
                152.9703698,-27.4682808,0
                152.9703458,-27.4683188,0
                152.9703058,-27.4683548,0
                152.9702738,-27.4683848,0
                152.9702428,-27.4684028,0
                152.9701368,-27.4684278,0
                152.9703788,-27.4692378,0
                152.9704227,-27.4693868,0
                152.9705987,-27.4699598,0
                152.9707527,-27.4702198,0
                152.9712578,-27.4713068,0
                152.9715707,-27.4717138,0
                152.9717337,-27.4722478,0
                152.9714898,-27.4729318,0
                152.9714957,-27.4731628,0
                152.9714957,-27.4732708,0
                152.9716057,-27.4732868,0
                152.9731438,-27.4735108,0
                152.9735698,-27.4736718,0
                152.9750787,-27.4738618,0
                152.9757058,-27.4738058,0
                152.9758468,-27.4738768,0
                152.9759567,-27.4739218,0
                152.9766088,-27.4742578,0
                152.9766978,-27.4743018,0
                152.9775138,-27.4746948,0
                152.9783938,-27.4749028,0
                152.9787288,-27.4750698,0
                152.9792927,-27.4753718,0
                152.9799278,-27.4760408,0
                152.9806918,-27.4774958,0
                152.9812528,-27.4779248,0
                152.9821578,-27.4783208,0
                152.9821268,-27.4784088,0
                152.9807978,-27.4784358,0
                152.9771817,-27.4794148,0
                152.9757348,-27.4799018,0
                152.9749927,-27.4801508,0
                152.9720098,-27.4815978,0
                152.9719197,-27.4820508,0
                152.9717597,-27.4828588,0
                152.9718377,-27.4829918,0
                152.9718147,-27.4831098,0
                152.9716927,-27.4837228,0
                152.9716467,-27.4839548,0
                152.9712248,-27.4860748,0
                152.9711748,-27.4863258,0
                152.9709898,-27.4872518,0
                152.9709408,-27.4874978,0
                152.9708847,-27.4877808,0
                152.9708667,-27.4878698,0
              </coordinates>
            </LinearRing>
          </outerBoundaryIs>
        </Polygon>
      </Placemark>
      <Placemark>
        <name>St Lucia</name>
        <description><![CDATA[description: <br>qld_loca_2: ST LUCIA<br>lc_ply_pid: <br>dt_create: <br>dt_retire: <br>loc_pid: <br>qld_locali: <br>qld_loca_1: <br>qld_loca_3: <br>qld_loca_4: <br>qld_loca_5: <br>qld_loca_6: <br>qld_loca_7: ]]></description>
        <styleUrl>#poly-424242-1200-77</styleUrl>
        <ExtendedData>
          <Data name="description">
            <value/>
          </Data>
          <Data name="qld_loca_2">
            <value>ST LUCIA</value>
          </Data>
          <Data name="lc_ply_pid">
            <value/>
          </Data>
          <Data name="dt_create">
            <value/>
          </Data>
          <Data name="dt_retire">
            <value/>
          </Data>
          <Data name="loc_pid">
            <value/>
          </Data>
          <Data name="qld_locali">
            <value/>
          </Data>
          <Data name="qld_loca_1">
            <value/>
          </Data>
          <Data name="qld_loca_3">
            <value/>
          </Data>
          <Data name="qld_loca_4">
            <value/>
          </Data>
          <Data name="qld_loca_5">
            <value/>
          </Data>
          <Data name="qld_loca_6">
            <value/>
          </Data>
          <Data name="qld_loca_7">
            <value/>
          </Data>
        </ExtendedData>
        <Polygon>
          <outerBoundaryIs>
            <LinearRing>
              <tessellate>1</tessellate>
              <coordinates>
                152.990083,-27.503577,0
                152.99021,-27.50366,0
                152.990244,-27.50367,0
                152.990598,-27.503781,0
                152.99088,-27.503869,0
                152.991212,-27.503972,0
                152.991215,-27.503983,0
                152.991218,-27.50399,0
                152.991221,-27.503997,0
                152.991226,-27.50401,0
                152.991228,-27.504019,0
                152.99123,-27.504026,0
                152.991231,-27.504038,0
                152.991233,-27.504053,0
                152.991234,-27.504071,0
                152.991233,-27.504084,0
                152.991232,-27.504101,0
                152.99123,-27.504116,0
                152.991228,-27.504126,0
                152.991231,-27.50414,0
                152.991235,-27.50415,0
                152.991242,-27.504164,0
                152.991249,-27.504175,0
                152.991258,-27.504191,0
                152.991267,-27.504205,0
                152.991271,-27.504219,0
                152.991274,-27.504234,0
                152.991274,-27.504245,0
                152.991272,-27.504257,0
                152.99127,-27.504271,0
                152.991264,-27.504282,0
                152.99126,-27.504295,0
                152.991253,-27.504307,0
                152.991245,-27.50432,0
                152.991233,-27.504335,0
                152.991222,-27.504346,0
                152.991214,-27.50436,0
                152.991205,-27.504373,0
                152.991195,-27.504397,0
                152.991197,-27.504414,0
                152.991201,-27.504431,0
                152.991203,-27.504448,0
                152.9912,-27.504464,0
                152.991194,-27.504483,0
                152.99119,-27.504498,0
                152.991194,-27.504511,0
                152.9912,-27.504525,0
                152.991206,-27.504538,0
                152.991224,-27.504549,0
                152.991233,-27.504555,0
                152.991241,-27.504558,0
                152.991257,-27.504564,0
                152.99127,-27.504573,0
                152.991281,-27.504586,0
                152.991287,-27.504603,0
                152.991286,-27.504621,0
                152.991289,-27.504638,0
                152.991293,-27.504656,0
                152.991295,-27.504666,0
                152.991301,-27.504676,0
                152.991314,-27.504682,0
                152.991333,-27.504689,0
                152.991348,-27.504699,0
                152.991366,-27.504717,0
                152.991382,-27.504736,0
                152.991388,-27.50476,0
                152.991389,-27.50478,0
                152.991392,-27.504804,0
                152.991402,-27.504826,0
                152.991414,-27.504847,0
                152.991423,-27.504861,0
                152.991429,-27.504873,0
                152.991438,-27.504891,0
                152.991433,-27.504914,0
                152.991419,-27.504923,0
                152.991399,-27.504929,0
                152.991378,-27.504933,0
                152.991354,-27.504934,0
                152.991338,-27.504938,0
                152.990972,-27.504885,0
                152.990893,-27.504873,0
                152.99071,-27.504847,0
                152.990544,-27.504823,0
                152.990377,-27.504798,0
                152.99033,-27.504792,0
                152.990358,-27.504946,0
                152.99039,-27.505129,0
                152.990414,-27.505265,0
                152.990219,-27.505502,0
                152.990151,-27.505586,0
                152.989936,-27.505849,0
                152.989749,-27.506083,0
                152.989603,-27.506238,0
                152.989397,-27.50646,0
                152.988589,-27.507331,0
                152.988344,-27.508008,0
                152.988331,-27.508043,0
                152.988274,-27.508201,0
                152.988287,-27.508972,0
                152.988292,-27.509197,0
                152.988506,-27.509242,0
                152.988824,-27.509308,0
                152.989076,-27.50936,0
                152.989331,-27.509413,0
                152.989691,-27.509487,0
                152.98989,-27.509529,0
                152.990231,-27.509243,0
                152.990407,-27.509097,0
                152.990605,-27.508931,0
                152.990651,-27.508708,0
                152.990696,-27.508485,0
                152.990741,-27.508264,0
                152.990806,-27.50795,0
                152.99083,-27.507831,0
                152.990986,-27.507776,0
                152.991242,-27.507686,0
                152.991465,-27.507607,0
                152.991688,-27.507528,0
                152.991709,-27.507521,0
                152.991723,-27.507451,0
                152.99177,-27.507215,0
                152.992054,-27.50726,0
                152.992396,-27.507314,0
                152.992692,-27.507361,0
                152.993644,-27.507512,0
                152.993986,-27.507567,0
                152.994562,-27.507657,0
                152.994861,-27.507704,0
                152.997778,-27.50816,0
                152.998957,-27.508345,0
                152.999452,-27.508451,0
                153.000484,-27.508631,0
                153.00069,-27.508345,0
                153.000842,-27.508175,0
                153.001185,-27.507783,0
                153.001466,-27.507533,0
                153.001914,-27.50717,0
                153.003197,-27.506352,0
                153.003413,-27.506214,0
                153.004987,-27.505357,0
                153.005341,-27.505163,0
                153.007057,-27.504761,0
                153.007376,-27.504686,0
                153.010875,-27.504355,0
                153.014812,-27.503948,0
                153.017115,-27.503736,0
                153.018216,-27.503597,0
                153.01901,-27.503497,0
                153.020518,-27.502674,0
                153.021273,-27.501744,0
                153.021488,-27.501405,0
                153.02168,-27.500985,0
                153.021781,-27.500484,0
                153.021723,-27.500065,0
                153.021118,-27.498097,0
                153.020896,-27.497374,0
                153.019989,-27.495551,0
                153.01887,-27.49446,0
                153.016681,-27.492777,0
                153.014461,-27.491405,0
                153.012594,-27.490884,0
                153.010271,-27.491001,0
                153.007959,-27.491141,0
                153.00551,-27.49129,0
                153.003217,-27.491389,0
                153.0019,-27.491446,0
                152.999609,-27.491156,0
                152.998161,-27.490801,0
                152.997385,-27.490423,0
                152.996526,-27.489913,0
                152.995825,-27.489496,0
                152.995772,-27.489337,0
                152.994688,-27.489832,0
                152.994506,-27.489968,0
                152.994263,-27.49032,0
                152.994242,-27.49033,0
                152.994196,-27.490362,0
                152.994125,-27.490394,0
                152.994165,-27.490444,0
                152.99426,-27.490561,0
                152.994369,-27.490883,0
                152.99443,-27.491147,0
                152.994459,-27.491393,0
                152.994215,-27.491849,0
                152.993941,-27.492231,0
                152.993609,-27.492652,0
                152.993463,-27.492881,0
                152.993325,-27.493087,0
                152.993252,-27.493164,0
                152.993218,-27.493293,0
                152.993088,-27.493499,0
                152.99299,-27.493656,0
                152.992632,-27.494204,0
                152.992477,-27.494436,0
                152.992102,-27.494997,0
                152.991955,-27.495217,0
                152.991538,-27.495841,0
                152.991434,-27.495997,0
                152.991376,-27.496083,0
                152.991323,-27.496161,0
                152.990436,-27.497489,0
                152.990399,-27.497729,0
                152.990612,-27.497755,0
                152.990956,-27.497716,0
                152.990976,-27.497799,0
                152.991091,-27.497958,0
                152.99122,-27.498043,0
                152.991302,-27.498113,0
                152.991433,-27.498226,0
                152.991516,-27.498524,0
                152.991748,-27.499428,0
                152.991804,-27.499661,0
                152.991776,-27.499923,0
                152.991609,-27.500323,0
                152.991475,-27.500501,0
                152.991335,-27.500978,0
                152.99122,-27.501398,0
                152.991128,-27.501592,0
                152.990997,-27.501783,0
                152.990778,-27.502252,0
                152.990425,-27.50291,0
                152.990083,-27.503577,0
              </coordinates>
            </LinearRing>
          </outerBoundaryIs>
        </Polygon>
      </Placemark>
    </Folder>
  </Document>
</kml>
